ID,01_QSUN_Fe2.02,01_QSUN_Mg1,02_EMEF_Fe2.02_0,02_EMEF_Mg1_0,02_EMEF_Fe2.02_1,02_EMEF_Mg1_1,04_QSUN_Fe2.02_0,04_QSUN_Mg1_0,04_QSUN_Fe2.02_1,04_QSUN_Mg1_1,05_QSUN_Fe2.02_0,05_QSUN_Mg1_0,05_QSUN_Fe2.02_1,05_QSUN_Mg1_1,00_CALIB_Fe2.02_0,00_CALIB_Mg1_0,00_CALIB_Fe2.02_1,00_CALIB_Mg1_1,06_SPOT_Fe2.02_0,06_SPOT_Mg1_0,06_SPOT_Fe2.02_1,06_SPOT_Mg1_1,06_SPOT_Fe2.02_2,06_SPOT_Mg1_2,06_SPOT_Fe2.02_3,06_SPOT_Mg1_3,08_QSUN_Fe2.02,09_SPOT_Fe2.02,01_CALIB_Fe2.02,01_CALIB_Mg1,10_SPOT_Fe2.02_0,10_SPOT_Mg1_0,10_SPOT_Fe2.02_1,10_SPOT_Mg1_1,11_FLAR_Fe2.06_0,11_FLAR_Mg1_0,11_FLAR_Fe2.06_1,11_FLAR_Mg1_1,11_FLAR_Fe2.06_2,11_FLAR_Mg1_2,13_PLAG_Fe2.02,13_PLAG_Mg1,16_LIMB_Fe2.02,16_LIMB_Mg1,18_PLAG_Fe2.02_0,18_PLAG_Mg0s_0,18_PLAG_Fe2.02_1,18_PLAG_Mg0s_1,20_PLAG_Fe2.02_0,20_PLAG_Mg1_0,20_PLAG_Fe2.02_1,20_PLAG_Mg1_1,21_SPOT_Fe2.02_0,21_SPOT_Mg1_0,21_SPOT_Fe2.02_1,21_SPOT_Mg1_1,23_SPOT_Fe2.02_0,23_SPOT_Fe2.02_1,23_SPOT_Fe2.06_1,23_SPOT_Fe2.02_2,26_SPOT_Fe2.02,26_SPOT_Mg1,27_EMEF_Fe2.02,27_EMEF_Mg1,29_PLAG_Fe2.02_0,29_PLAG_Mg0s_0,29_PLAG_Fe2.02_1,29_PLAG_Mg0s_1,32_QSUN_Fe2.02,32_QSUN_Fe2.06,33_ARFL_Fe2.02,33_ARFL_Mg0p,35_CHOL_Fe2.02_0,35_CHOL_Mg1_0,35_CHOL_Fe2.02_1,35_CHOL_Mg1_1
Timeline,COMM_1,COMM_1,EMF_1,EMF_1,EMF_1,EMF_1,QSDC_1,QSDC_1,QSDC_1,QSDC_1,FS_1,FS_1,FS_1,FS_1,AR_1,AR_1,AR_1,AR_1,AR_1,AR_1,AR_1,AR_1,AR_1,AR_1,AR_1,AR_1,QSHC_1,QSDC_HC,SUNSPOT_1,SUNSPOT_1,SUNSPOT_1,SUNSPOT_1,SUNSPOT_1,SUNSPOT_1,FS_1,FS_1,FS_1,FS_1,FS_1,FS_1,CLV_1,CLV_1,POLE_1,POLE_1,AR_3,AR_3,AR_3,AR_3,CLV_1,CLV_1,CALL_1,CALL_1,FS_1,FS_1,FS_1,FS_1,SUNSPOT_2,SUNSPOT_2,SUNSPOT_2,SUNSPOT_2,SP_4,SP_4,LongObs,LongObs,AR_3,AR_3,AR_3,AR_3,QSHC,QSHC,AR_5,AR_5,QSDC_2,QSDC_2,QSDC_2,QSDC_2
PD date,10/07/2024,10/07/2024,10/07/2024,10/07/2024,10/07/2024,10/07/2024,11/07/2024,11/07/2024,11/07/2024,11/07/2024,11/07/2024,11/07/2024,11/07/2024,11/07/2024,12/07/2024,12/07/2024,12/07/2024,12/07/2024,12/07/2024,12/07/2024,12/07/2024,12/07/2024,12/07/2024,12/07/2024,12/07/2024,12/07/2024,12/07/2024,12/07/2024,12/07/2024,12/07/2024,12/07/2024,12/07/2024,13/07/2024,13/07/2024,13/07/2024,13/07/2024,13/07/2024,13/07/2024,13/07/2024,13/07/2024,13/07/2024,13/07/2024,13/07/2024,13/07/2024,14/07/2024,14/07/2024,14/07/2024,14/07/2024,14/07/2024,14/07/2024,14/07/2024,14/07/2024,14/07/2024,14/07/2024,14/07/2024,14/07/2024,14/07/2024,14/07/2024,14/07/2024,15/07/2024,15/07/2024,15/07/2024,15/07/2024,15/07/2024,15/07/2024,15/07/2024,15/07/2024,15/07/2024,15/07/2024,15/07/2024,15/07/2024,15/07/2024,15/07/2024,15/07/2024,16/07/2024,16/07/2024
Time (UTC),16:34,16:34,17:19,17:19,23:47,23:47,02:57,02:57,11:00,11:00,12:51,12:51,22:27,22:27,01:48,01:48,03:04,03:04,07:16,07:16,09:23,09:23,15:44,15:44,17:58,17:58,18:26,20:20,22:08,22:08,22:47,22:47,07:53,07:53,09:23,09:23,11:42,11:42,14:33,14:33,16:03,16:03,20:15,20:15,01:30,01:30,04:39,04:39,09:24,09:24,13:07,13:07,17:35,17:35,19:57,19:57,20:15,21:21,21:21,00:45,09:23,09:23,14:20,14:20,15:57,15:57,18:58,18:58,20:02,20:02,20:59,20:59,23:12,23:12,05:49,05:49
Filter,525.02,517.3,525.02,517.3,525.02,517.3,525.02,517.3,525.02,517.3,525.02,517.3,525.02,517.3,525.02,517.3,525.02,517.3,525.02,517.3,525.02,517.3,525.02,517.3,525.02,517.3,525.02,525.02,525.02,517.3,525.02,517.3,525.06,517.3,525.06,517.3,525.06,517.3,525.06,517.3,525.02,517.3,525.02,517.3,525.02,517.3,525.02,517.3,525.02,517.3,525.02,517.3,525.02,517.3,525.02,517.3,525.02,525.02,525.06,525.02,525.02,517.3,525.02,517.3,525.02,517.3,525.02,517.3,525.02,525.06,525.02,517.3,525.02,517.3,525.02,517.3
Latitude (deg),24.086,24.086,20.114,20.114,-1.127,-1.127,5.454,5.454,43.948,43.948,45.489,45.489,2.753,2.753,-2.245,-2.245,-0.223,-0.223,17.614,17.614,29.568,29.568,44.281,44.281,34.867,34.867,32.367,21.35,11.209,11.209,8.01,8.01,10.974,10.974,19.045,19.045,32.506,32.506,44.85,44.85,46.661,46.661,31.709,31.709,3.049,3.049,-3.304,-3.304,10.707,10.707,31.825,31.825,46.606,46.606,40.62,40.62,39.251,33.566,33.566,13.921,3.047,3.047,29.878,29.878,38.398,38.398,46.453,46.453,45.446,45.446,42.817,42.817,32.448,32.448,0.013,0.013
Optical bench T1,15.18,15.18,14.85,14.85,12.63,12.63,11.39,11.39,15.14,15.14,15.11,15.11,14.92,14.92,14.92,14.92,10.52,10.52,11.25,11.25,13.1,13.1,14.89,14.89,15.07,15.07,15.07,14.89,14.85,14.85,14.85,14.85,9.83,9.83,11.28,11.28,13.58,13.58,15.18,15.18,15.21,15.21,14.78,14.78,15,15,11.83,11.83,10.55,10.55,14.63,14.63,14.81,14.81,14.89,14.89,15.18,15.07,15.07,15,9.75,9.75,12.16,12.16,13.17,13.17,14.81,14.81,15.11,15.11,15.11,15.11,14.74,14.74,14.67,14.67
Optical bench T2,16.27,16.27,16.27,16.27,14.27,14.27,12.48,12.48,16.02,16.02,16.2,16.2,16.24,16.24,16.24,16.24,12.41,12.41,11.28,11.28,13.07,13.07,16.6,16.6,16.82,16.82,16.82,16.71,16.53,16.53,16.49,16.49,10.55,10.55,11.61,11.61,13.65,13.65,15.69,15.69,16.13,16.13,16.78,16.78,16.31,16.31,13.68,13.68,11.28,11.28,14.7,14.7,16.05,16.05,16.05,16.05,16.05,16.05,16.05,16.02,10.88,10.88,12.96,12.96,13.5,13.5,15.62,15.62,15.98,15.98,16.09,16.09,16.09,16.09,15.98,15.98
Optical bench T3,21.23,21.23,21.23,21.23,19.3,19.3,17.99,17.99,21.38,21.38,21.67,21.67,20.76,20.76,20.76,20.76,17.58,17.58,16.86,16.86,18.79,18.79,22.07,22.07,22.33,22.33,22.22,21.6,21.34,21.34,21.27,21.27,16.02,16.02,17.4,17.4,19.44,19.44,21.2,21.2,21.82,21.82,22.11,22.11,21.05,21.05,18.75,18.75,16.78,16.78,20.28,20.28,21.2,21.2,21.27,21.27,21.27,21.16,21.16,21.01,16.05,16.05,18.5,18.5,19.23,19.23,21.05,21.05,21.38,21.38,21.45,21.45,21.23,21.23,20.76,20.76
Filter wheel T,24.56,24.56,23.72,23.72,23.72,23.72,23.06,23.06,24.59,24.59,24.67,24.67,24.41,24.41,24.41,24.41,22.99,22.99,22.29,22.29,23.43,23.43,24.89,24.89,24.92,24.92,24.96,24.81,24.7,24.7,24.67,24.67,22.62,22.62,22.91,22.91,23.57,23.57,24.45,24.45,24.67,24.67,24.92,24.92,24.56,24.56,23.57,23.57,22.8,22.8,23.97,23.97,24.45,24.45,24.56,24.56,24.56,24.48,24.48,24.59,22.51,22.51,23.35,23.35,23.43,23.43,24.37,24.37,24.48,24.48,24.56,24.56,24.56,24.56,24.41,24.41
DID PD,D10-6194-6513,D10-6194-6513,D10-6944-7263,D10-6944-7263,D10-36199-36518,D10-36199-36518,D11-4657-4976,D11-4657-4976,D11-41708-42027,D11-41708-42027,D11-47617-47936,D11-47617-47936,D11-115780-116099,D11-115780-116099,D12-3532-3853,D12-3532-3853,D12-7820-8139,D12-7820-8139,D12-13095-13414,D12-13095-13414,D12-18113-18432,D12-18113-18432,D12-47445-47700,D12-47445-47700,D12-48877-49132,D12-48877-49132,D12-49657-49912,D12-56657-56912,D12-62626-62881,D12-62626-62881,D12-63352-63607,D12-63352-63607,D13-23639-23894,D13-23639-23894,D13-29029-29540,D13-29029-29540,D13-43241-43496,D13-43241-43496,D13-63375-63630,D13-63375-63630,D13-68855-69110,D13-68855-69110,D13-85423-85678,D13-85423-85678,D14-3866-4121,D14-3866-4121,D14-16264-16519,D14-16264-16519,D14-26462-26717,D14-26462-26717,D14-42951-43206,D14-42951-43206,D14-73583-73838,D14-73583-73838,D14-85727-86046,D14-85727-86046,D14-86429-86684,D14-90676-90931,D14-90676-90931,D15-3624-3879,D15-17486-17741,D15-17486-17741,D15-45810-46065,D15-45810-46065,D15-49080-49335,D15-49080-49335,D15-62463-62718,D15-62463-62718,D15-65911-66230,D15-65911-66230,D15-71155-71410,D15-71155-71410,D15-80267-80522,D15-80267-80522,D16-36509-36764,D16-36509-36764
DID Darks,D10-5620-5719,D10-5620-5719,D10-6844-6943,D10-6844-6943,D10-36099-36198,D10-36099-36198,D11-4557-4656,D11-4557-4656,D11-41608-41707,D11-41608-41707,D11-47517-47616,D11-47517-47616,D11-115680-115779,D11-115680-115779,D12-3432-3531,D12-3432-3531,D12-7720-7819,D12-7720-7819,D12-12995-13094,D12-12995-13094,D12-12995-13094,D12-12995-13094,D12-42059-42158,D12-42059-42158,D12-42059-42158,D12-42059-42158,D12-49557-49656,D12-56557-56656,D12-62526-62625,D12-62526-62625,D12-63252-63349,D12-63252-63349,D13-23539-23638,D13-23539-23638,D13-28929-29028,D13-28929-29028,D13-63633-63732,D13-63633-63732,D13-63633-63732,D13-63633-63732,D13-68755-68854,D13-68755-68854,D13-68755-68854,D13-68755-68854,D14-3766-3865,D14-3766-3865,D14-16162-16261,D14-16162-16261,D14-26362-26461,D14-26362-26461,D14-42851-42950,D14-42851-42950,D14-73483-73582,D14-73483-73582,D14-86329-86428,D14-86329-86428,D14-86329-86428,D14-86329-86428,D14-86329-86428,D14-86329-86428,D15-17386-17485,D15-17386-17485,D15-45710-45809,D15-45710-45809,D15-48980-49079,D15-48980-49079,D15-62363-62462,D15-62363-62462,D15-71055-71154,D15-71055-71154,D15-71055-71154,D15-71055-71154,D15-80167-80266,D15-80167-80266,D16-36409-36508,D16-36409-36508
DID Flat,D10-4340-5619,D10-2740-4339,D10-9638-11429,D10-7398-9637,D11-1656-3447,D10-36653-37236; D11-0-1655,D11-7237-9028,D10-36653-37236; D11-0-1655,D11-44410-46201,D11-42170-44409,D11-53367-56182,D11-56183-60662,D11-53367-56182,D11-56183-60662,D11-53367-56182,D12-3986-6225,D11-53367-56182,D11-56183-60662,D12-15783-17574,D12-13543-15782,D12-15783-17574,D12-13543-15782,D12-15783-17574,D12-42213-44452,D12-15783-17574,D12-42213-44452,D12-50091-51610,D12-57075-58274,D12-67102-67501,D12-64222-65821,D12-67102-67501,D12-64222-65821,D13-26093-27372,D13-24493-26092,D13-29696-34559,D13-37376-41855,D13-29696-34559,D13-37376-41855,D13-29696-34559,D13-37376-41855,D13-72765-74044,D13-71165-72764,D13-72765-74044,D13-71165-72764,D14-4736-6015,D14-4256-4735,D14-17134-18413,D14-16654-17133,D14-30380-31659,D14-28780-30379,D14-43341-44620,D14-44861-45340,D14-75383-78198,D14-78199-79798,D14-75383-78198,D14-78199-79798,D14-88639-90430,D14-88639-90430,D14-86847-88638,D15-5820-7611,D15-17876-19155,D15-19156-20115,D15-46200-47479,D15-49470-49949,D15-49950-51229,D15-49470-49949,D15-63333-64612,D15-62853-63332,D15-74233-76024,,D15-74233-76024,D15-71545-74232,D15-82737-84016,D15-81137-82736,D16-36899-38178,D16-38179-38562
Initial guess,Zeros,Zeros,Zeros,Zeros,Zeros,Zeros,Zeros,Zeros,Zeros,Zeros,,,,,,,Zeros,Zeros,Zeros,Zeros,Zeros,Zeros,Zeros,Zeros,Zeros,Zeros,Zeros,Zeros,,,Zeros,Zeros,Zeros,Zeros,,,Zeros,Zeros,Zeros,Zeros,Zeros,Zeros,Zeros,Zeros,Zeros,Zeros,,,Zeros,Zeros,Zeros,Zeros,,,Zeros,Zeros,Zeros,Zeros,Zeros,Zeros,Zeros,Zeros,Zeros,Zeros,Zeros,Zeros,Zeros,Zeros,Zeros,,Zeros,Zeros,Zeros,Zeros,Zeros,Zeros
Algorithm,SVD,SVD,SVD,SVD,SVD,SVD,SVD,SVD,SVD,SVD,,,,,,,SVD,SVD,SVD,SVD,SVD,SVD,SVD,SVD,SVD,SVD,SVD,SVD,,,SVD,SVD,SVD,SVD,,,SVD,SVD,SVD,SVD,SVD,SVD,SVD,SVD,SVD,SVD,,,SVD,SVD,SVD,SVD,,,SVD,SVD,SVD,SVD,SVD,SVD,SVD,SVD,SVD,SVD,SVD,SVD,SVD,SVD,SVD,,SVD,SVD,SVD,SVD,SVD,SVD
Iterations,5-7,5-7,4-8,5-9,6-10,5-6,7-9,7-9,4-7,5-8,,,,,,,5-9,6-11,5-8,5-7,5-7,5-7,5-7,5-7,,,6-10,4-5,,,6-9,5-7,5-6,5-9,,,5-9,5-9,4-7,4-6,4-7,4-6,5-6,6-11,6-9,5-8,,,5-9,5-9,5-8,5-6,,,4-6,5-7,5-10,4-6,5-9,5-7,5-7,6-8,6-8,5-7,5-9,5-9,4-6,4-6,4-6,,5-6,5-7,5-6,6-9,5-7,4-8
WFE,1/5.5,1/5.7,1/5.5,1/6.1,1/3.5,1/4.0,1/3.7,1/4.6,1/4.8,1/6.1,,,,,,,1/4.2,1/4.5,1/4.3,1/4.9,1/5.3,1/6.1,1/5.2,1/5.7,,,1/4.8,1/4.0,,,1/3.9,1/5.6,1/3.9,1/3.9,,,1/5.3,1/5.9,1/6.5,1/6.12,1/6.5,1/6.9,1/6.1,1/6.0,1/4.06,1/5.15,,,1/4,1/4.11,1/5.7,1/7.1,,,1/5.1,1/4.8,1/4.92,1/5.2,1/5.1,1/4.3,1/3.9,1/4.5,1/4.69,1/5.8,1/5.13,1/6.62,1/4.4,1/5.7,1/5.8,,1/5.34,1/6.49,1/5.13,1/6.8,1/3.8,1/4.2
Contrast original,10.1%,10.0%,10.1%,10.4%,8.6%,9.5%,9.0%,8.9%,9.9%,11.0%,,,,,,,8.7%,9.0%,9.3%,9.2%,19.3%,23.2%,11.3%,14.0%,,,10.2%,8.9%,,,9.1%,9.7%,8.5%,8.9%,,,21.7%,24.7%,18.5%,20.2%,10.5%,10.7%,10.3%,10.7%,8.9%,9.9%,,,8.6%,9.2%,9.9%,10.5%,,,9.1%,11.0%,9.3%,27.6%,28.0%,9.0%,8.9%,8.8%,10.0%,9.7%,9.4%,11.2%,9.1%,10.5%,10.2%,,9.7%,10.95%,9.90%,10.40%,9.20%,9.50%
Contrast restored,14.1%,14.1%,14.2%,13.4%,15.3%,12.5%,15.2%,11.7%,15.3%,15.9%,,,,,,,12.8%,12.2%,13.9%,12.1%,22.4%,24.7%,15.9%,19.4%,,,13.8%,13.9%,,,15.6%,12.2%,12.9%,10.9%,,,25.4%,29.0%,21.7%,25.7%,14.2%,13.6%,13.9%,16.1%,15.1%,12.9%,,,12.7%,10.8%,13.9%,13.5%,,,14.9%,17.9%,14.8%,30.1%,30.9%,13.9%,12.8%,11.3%,15.6%,13.1%,14.0%,15.0%,14.4%,13.7%,14.5%,,14.2%,14.72%,15.10%,13.90%,15.00%,12.30%
Note,12 and 14 iterations for two subpatches. Reconstruction looks pretty good. Low dispersion of Zernikes. Highest contrast images selected for PD.,8 and 10 iterations for two subpatches. Highest contrast images selected for PD,"11 an 22 iterations for two subpatches, but Zernikes not too dispersed. Reconstruction looks good. Highest contast images selected for PD.",10 iterations for one subpatch. Zernike coefficients a bit dispersed. Highest contast images selected for PD.,The restored image looks over-reconstructed. Significant dispersion of Zernikes. Highest contast images selected for PD.,Data seems to be affected by jitter. Highest contast images selected for PD.,10 and 13 iterations for two subpatches. The restored image looks over-reconstructed. Highest contast images selected for PD.,10 iterations for one subpatch. The restored image looks over-reconstructed. Large dispersion of Zernikes. Highest contast images selected for PD.,17 and 18 iterations for two subpatches. The restored image coud be over-reconstructed. Highest contrast images selected for PD.,9 and 12 iterations for two subpatches. Highest contrast images selected for PD,FOV for focused and defocused images do not coincide,FOV for focused and defocused images do not coincide,Flats with D11-116124-116139 are not found as FITS. Defocused images affected by a very strong jitter. Zernikes are too dispersed and the reconstruction is very poor.,Flats with D11-118964-121203 are not found as FITS. Defocused images affected by a strong jitter. Zernikes are too dispersed and the reconstruction is very poor,Flats D12-6226-7421 not found as FITS. Could not be processed because of error in pd_processing,Could not be processed because of error in pd_processing,Flats not recorded. 10 and 12 iterations for two subpatches. Highest-contrast images selected.,Flats acquisition interrrupted. 13 iterations for one subpatch. Large dispersion of Zernikes. Highest-contrast images selected.,Relatively low dispersion of Zernikes. Reconstruction looks good. Highest-contrast images selected. ,10 and 13 iterations for two subpatches. Relatively low dispersion of zernikes. Highest-contrast images selected.,Sunspot. Same flat and dark than for the 07:16 dataset. 8 iterations for one subpatch. Highest-contrast images selected,Sunspot. Same flat and dark than for the 07:16 dataset. 8 and 10 iterations for two subpatches. Highest-contrast images selected.,Active regions. Low dispersion of Zernikes. Highest-contrast images selected.,Active regions. 12 iterations for one subpatch. Highest-contrast images selected.,No flats or darks taken. FOV for the focused and defocused images does not coincide.,No flats or darks taken. FOV for the focused and defocused images does not coincide.,10 iterations for two subpatches. Reconstructed image looks pretty good. Highest-contrast images selected.,Highest-contrast images selected.,Absolutely disastrous dataset. Images are completely blurred.,Absolutely disastrous dataset. Images are completely blurred.,Images affected by a lot of jitter. 21 iterations for one subpatch. Highest-contrast images selected.,Images affected by a lot of jitter. 10 and 21 iterations for two subpatches. Highest-contrast images selected.,7 and 8 iterations for two subpatches. Defocused image very blurred. Highest-contast images selected.,11 and 15 iterations for two subpatches. Defocused image very blurred. Restorations does not look too good. Highest-contast images selected.,Cannot be processed. Something went wrong during the acquisition.,Cannot be processed. Something went wrong during the acquisition.,Flare. 10 iterations for two subpatches. Highest-contrast images selected.,Flare. 10 and 18 iterations for two subpatches. Highest-contrast images selected.,Flare. 9 iterations for one subpatch. Low dispersion of zernikes. Highest-contrast images selected.,Flare. 7 and 8 iterations for two subpatches. Highest-contrast images selected.,Very low dispersion of Zernike coefficients. Restoration looks very good. Highest-contrast images selected. ,Highest-contrast images selected,8 iterations for one subpatch. Low dispersion of Zernikes. Restoration looks very good. Highest-contrast images selected,12 iterations for two  subpatches. Relatively large dispersion of Zernikes. Highest-contrast images selected.,Seeing affecting the images. Highest-contrast images selected. ,15 iterations for one subpatch. Seeing affecting the images. Highest-contrast images selected.,Very heavy seeing. Not analyzed yet,Very heavy seeing. Not analyzed yet,Very large dispersion of Zernikes. Highest-contrast images selected,One subpatch took 20 iterations to converge. Highest-contrast images selected,Very stable series. The restoration looks very good. Highest-contrast images selected.,9 and 12 iterations for two subpatches. Zernikes have a significant dispersion. Highest-contrast images selected.,The telescope is moving along the PD series. ,,"Very low dispersion of Zernikes, but the reconstruction does not look particularly good. Highest-contrast images selected.",9 iterations for one subpatch. Highest-contrast images selected.,Highest-contrast images selected.,Sunspot. 8 iterations for one subpatch. Highest-contrast images selected.,11 and 13 iterations for two subpatches. Highest-contrast images selected.,Very low dispersion of Zernikes. Highest-contrast images selected,8 and 11 iterations for two subpatches. Low dispersion of Zernikes. Highest-contrast images selected.,17 iterations for one subpatch. Highest-contrast images selected,One subpatches took 12 iterations. Series not much affected by jitter. Reconstruction looks quite good. Highes-contrast images selected.,Flat not found as FITS. We employed the closest one.Restoration looks quite good. Highest-contrast images selected.,Highest-contrast images selected.,One subptach took 12 iterations. Highest-contrast images selected.,8 and 9 iterations for two subpatches. Highest-contrast images selected,Highest-contrast images selected,Highest-contrast images selecte. Very low dispersion of Zernikes. Reconstruction looks pretty good.,Flat for 2.06 not found,One subpatch took 9 iterations. Very good reconstruction. Highest-contrast images selected.,Highest-contrast images selected.,One subpatch took 9 iterations. The reconstruction looks pretty good. Highest-contrast images selected.,One subpatch took 14 iterations. High dispersion in the results. Highest-contrast images selected,10 iterations for one subpatch. Highest-contrast images selected,9 iterations for two subpatches. Highest-contrast images selected.
Z1 (offset),0,0,0,0,0,0,0,0,0,0,,,,,,,0,0,0,0,0,0,0,0,,,0,0,,,0,0,0,0,,,0,0,0,0,0,0,0,0,0,0,,,0,0,0,0,,,0,0,0,0,0,0,0,0,0,0,0,0,0,0,0,,0,0,0,0,0,0
Z2 (tip/tilt X),0,0,0,0,0,0,0,0,0,0,,,,,,,0,0,0,0,0,0,0,0,,,0,0,,,0,0,0,0,,,0,0,0,0,0,0,0,0,0,0,,,0,0,0,0,,,0,0,0,0,0,0,0,0,0,0,0,0,0,0,0,,0,0,0,0,0,0
Z3 (tip/tilt Y),0,0,0,0,0,0,0,0,0,0,,,,,,,0,0,0,0,0,0,0,0,,,0,0,,,0,0,0,0,,,0,0,0,0,0,0,0,0,0,0,,,0,0,0,0,,,0,0,0,0,0,0,0,0,0,0,0,0,0,0,0,,0,0,0,0,0,0
Z4 (def),0.436,0.5765,0.3117,0.5844,-0.1465,0.3416,-0.1736,0.4203,0.5928,0.6537,,,,,,,0.0711,0.2803,0.0105,0.3934,0.3868,0.4175,0.5976,0.6264,,,0.4561,0.9081,,,0.3435,0.5861,-0.1727,0.4597,,,0.3299,0.3412,0.495,0.5922,0.5042,0.7627,0.3422,0.2257,0.1636,0.5445,,,-0.1372,0.2932,0.2727,0.5786,,,0.4849,0.8036,0.4996,0.552,0.5163,0.2569,-0.0487,0.3489,0.087,0.5483,0.5093,0.5645,0.7753,0.8327,0.6951,,0.6844,0.6948,0.6053,0.5353,-0.2074,0.3791
Z5 (oblique ast),0.2088,0.5391,0.2019,0.5446,0.1686,0.9136,0.3568,0.5644,-0.1061,0.1555,,,,,,,-0.0462,0.6545,0.3544,0.6261,-0.0096,-0.0081,-0.2093,0.0495,,,0.0997,-0.0843,,,-0.1345,0.4214,0.199,1.1104,,,-0.2492,0.0627,0.0297,0.1128,0.1271,0.2307,-0.027,0.408,0.123,0.677,,,0.4032,0.9749,0.12,0.3854,,,-0.0664,0.3789,-0.0561,0.0952,-0.0652,0.3803,0.2012,0.8837,0.1434,0.4468,-0.0769,-0.0353,-0.0813,0.2088,-0.0154,,0.1607,0.3548,0.0697,0.2674,0.407,1.1112
Z6 (vertical ast),-0.519,-0.1163,-0.4795,-0.1773,-0.8197,-0.3904,-0.6821,-0.1193,-0.6282,-0.1975,,,,,,,-0.6673,-0.4009,-0.5038,-0.2008,-0.56,-0.446,-0.337,-0.201,,,-0.8228,-0.6859,,,-0.8953,-0.3355,-0.4327,-0.137,,,-0.6972,-0.4647,-0.4685,-0.2961,-0.448,-0.0116,-0.5384,-0.0752,-0.7618,-0.3505,,,-0.562,-0.2926,-0.6149,-0.1596,,,-0.4286,0.1071,-0.3874,-0.556,-0.5137,-0.5956,-0.5939,-0.1212,-0.75,-0.3388,-0.64,-0.0665,-0.6099,-0.4198,-0.2673,,-0.4092,-0.1465,-0.3738,-0.0706,-0.8777,-0.2962
Z7 (Y coma),0.1185,0.121,0.1555,0.0737,0.2444,0.1253,0.1285,0.1552,-0.0856,0.0158,,,,,,,0.0446,0.1628,0.2462,0.2367,0.0682,0.1299,-0.0658,-0.0706,,,-0.105,-0.0412,,,0.0453,-0.0718,0.2295,0.0612,,,0.2657,0.1121,-0.175,-0.0476,0.0649,-0.0186,-0.0095,-0.0225,0.0375,-0.0588,,,0.2975,0.1622,-0.0321,-0.1183,,,0.1327,0.0967,0.1679,0.1633,0.2008,0.1036,0.0498,0.067,-0.0709,-0.0101,-0.0565,-0.1159,-0.0106,-0.1673,-0.0145,,0.0005,-0.0591,-0.0302,-0.1199,0.0127,0.0793
Z8 (X coma),0.1857,0.1504,0.1994,0.2452,0.3501,0.1736,0.199,0.1765,0.0964,0.2402,,,,,,,0.1717,0.3432,0.1929,0.1471,0.3411,0.2763,0.1408,0.0556,,,0.2005,0.1882,,,0.1162,0.2574,0.3383,0.1606,,,0.0574,0.2005,-0.0145,0.0455,0.1959,0.2426,0.0891,0.108,0.0791,0.0788,,,0.337,0.1216,0.1417,0.213,,,0.1327,0.1624,0.2571,0.2949,0.1157,0.0127,0.2472,0.2564,0.0462,0.1829,0.0752,0.1735,0.0912,0.1001,0.0328,,0.1242,0.1346,0.2071,0.2787,0.1322,0.2786
Z9 (vertical tref),0.4067,-0.1154,0.4901,0.1209,1.0848,0.9493,0.9936,0.6883,0.1639,0.1582,,,,,,,1.1193,0.5372,0.8467,0.2577,0.1186,0.0919,0.3101,0.1533,,,0.3589,0.1775,,,0.7232,0.5109,1.1491,0.6741,,,0.309,0.5767,0.2588,0.113,0.0768,0.0077,0.454,-0.034,0.8365,0.5123,,,1.0075,0.8075,0.2041,-0.0247,,,0.2051,-0.0395,0.4707,0.6277,0.6867,0.888,1.1958,0.5589,0.3373,0.1346,0.2291,0.0639,0.1501,0.1864,0.2477,,0.3182,0.1013,0.3085,-0.1239,0.8622,0.3528
Z10 (oblique tref),0.2205,0.2591,0.3414,0.3664,0.0613,0.1579,0.4723,0.5044,0.5025,0.3332,,,,,,,0.1975,0.306,0.0636,0.3919,0.468,0.3098,0.2851,-0.1942,,,0.4981,0.509,,,0.4676,0.1022,-0.1392,0.2131,,,0.0688,0.2399,0.1096,0.0519,0.279,0.2988,0.3111,0.1592,0.3997,0.135,,,0.0101,0.2284,0.4692,0.1661,,,0.4474,0.5387,0.2318,0.0256,-0.1568,-0.043,0.3213,0.3379,0.6472,0.3294,0.3141,-0.0535,0.2072,0.0911,0.1134,,0.2054,0.2292,0.3041,0.0096,0.3378,0.2764
Z11 (sph),0.0495,-0.3103,-0.1115,-0.2907,-0.5456,-0.2135,-0.4213,-0.3296,0.1551,-0.3415,,,,,,,-0.2318,-0.4654,-0.3131,-0.1782,-0.0211,-0.0211,0.1073,-0.0444,,,0.1231,0.4245,,,-0.3984,-0.1453,-0.2983,0.0424,,,-0.0838,-0.2318,-0.0445,-0.0521,0.0752,-0.2582,0.0102,-0.7946,-0.5188,-0.3345,,,-0.3008,-0.2422,-0.0678,-0.2124,,,0.1001,-0.0868,0.0335,0.1211,0.0414,-0.085,-0.1593,-0.2838,-0.291,-0.2515,0.1492,-0.37,0.4376,0.0561,0.2898,,0.286,-0.1918,0.1416,-0.3125,-0.3586,-0.0877
Z12,0.3587,0.1108,0.3632,-0.0017,0.0753,0.06,0.0507,0.101,0.5803,-0.0373,,,,,,,0.2499,0.1267,0.419,0.3173,0.3033,0.0542,0.2026,-0.2615,,,0.3135,0.4607,,,0.0465,-0.1268,0.2131,0.1526,,,0.3036,0.0919,0.1298,-0.4515,0.2396,-0.1155,0.2203,-0.1341,0.007,0.0173,,,0.0759,0.2579,0.1496,-0.0252,,,0.4148,0.3463,0.5054,0.1915,0.1708,0.2663,0.232,0.2686,0.0795,-0.1146,0.4905,-0.0703,0.4184,-0.1803,0.414,,0.5251,0.0002,0.4211,-0.235,-0.0219,0.1222
Z13,-0.3074,-0.1963,-0.2983,-0.2772,-0.0336,-0.2773,-0.2902,-0.519,-0.1163,-0.1443,,,,,,,-0.1143,-0.253,-0.1289,-0.6851,-0.4623,-0.575,-0.6081,-0.5296,,,0.0579,-0.1541,,,-0.0634,-0.285,0.2737,-0.3759,,,-0.0536,-0.3487,-0.2424,-0.2124,-0.2888,-0.258,-0.1738,-0.1021,-0.0505,0.0961,,,0.0504,-0.3472,-0.2339,-0.2784,,,-0.4495,-0.2661,-0.3968,-0.0364,-0.0571,-0.2398,-0.1767,-0.5098,-0.2202,-0.2203,-0.2675,-0.4627,-0.5024,-0.2583,-0.2132,,-0.0484,-0.1245,-0.1968,-0.3659,-0.1372,-0.0099
Z14,0.325,-0.0431,0.3031,0.1052,0.4182,0.1459,0.2833,0.1884,0.2905,-0.0145,,,,,,,0.2243,-0.2317,0.4895,0.0943,0.0738,-0.1575,0.1476,-0.1543,,,0.2088,0.2309,,,0.2585,-0.0089,0.4464,-0.1722,,,0.3632,0.1085,0.2817,0.1507,0.2384,-0.0533,0.3001,-0.0982,0.2868,-0.1481,,,0.3354,0.1032,0.3141,-0.0563,,,0.2428,0.0607,0.2971,0.0782,0.2992,0.5349,0.3591,-0.0249,0.2481,0.0338,0.2681,-0.2461,0.2136,0.0081,0.2453,,0.3195,0.0306,0.3678,-0.0669,0.2616,0.0367
Z15,-0.0802,-0.2591,-0.0645,-0.1626,-0.3192,-0.1356,-0.137,-0.3066,-0.1045,-0.0386,,,,,,,-0.1778,-0.3667,-0.2082,-0.3493,-0.1203,-0.0364,-0.0616,-0.0786,,,-0.0943,0.1079,,,0.0555,-0.0807,0.1046,-0.4282,,,-0.0377,-0.1312,-0.0254,-0.1463,-0.1298,-0.0853,-0.1091,-0.1071,-0.1182,-0.1279,,,0.0606,-0.168,-0.0842,-0.051,,,-0.2247,-0.2856,-0.1823,-0.0464,-0.023,-0.1677,-0.0569,-0.2494,-0.1363,-0.0449,-0.1298,-0.1295,-0.1037,-0.0485,-0.1834,,-0.0655,-0.1497,-0.2521,-0.1,-0.2349,-0.1014
Z16,-0.0973,-0.5599,-0.2214,-0.3443,-0.429,-0.0253,-0.5459,-0.1019,-0.2754,-0.624,,,,,,,-0.1497,-0.4628,0.0044,-0.129,-0.3555,-0.2188,-0.1903,-0.5282,,,-0.2822,-0.1651,,,-0.6738,-0.4125,-0.0103,0.0316,,,-0.1425,-0.0081,-0.372,-0.5054,-0.2215,-0.3747,-0.2726,-0.488,-0.5264,-0.3832,,,0.0176,0.1051,-0.3935,-0.4823,,,-0.3353,-0.6136,-0.1695,-0.1808,-0.0498,0.0522,-0.1225,-0.0981,-0.5409,-0.5556,-0.2915,-0.5329,-0.1594,-0.3892,-0.1307,,-0.2037,-0.5242,-0.35,-0.4929,-0.5566,-0.3975
Z17,-0.3667,0.0904,-0.3126,-0.059,-0.4756,-0.0829,-0.1572,-0.07,-0.0686,-0.0837,,,,,,,-0.3512,-0.066,-0.4639,-0.2001,-0.2663,-0.2566,-0.0624,-0.0732,,,-0.0384,-0.1811,,,-0.1181,-0.1382,-0.3884,-0.1265,,,-0.5222,-0.2851,-0.1182,0.1098,-0.1956,0.0007,-0.1053,0.2727,-0.1623,0.0458,,,-0.465,-0.281,-0.107,0.0446,,,-0.3063,-0.0138,-0.4882,-0.362,-0.4904,-0.444,-0.1965,0.0185,0.0296,-0.1012,-0.0411,0.1178,-0.1841,0.0521,0.0228,,-0.016,0.0591,-0.0849,-0.0343,-0.1524,0.2661
Z18,0.0769,0.2754,0.106,0.1628,-0.0666,0.183,0.0672,0.133,0.0312,0.2276,,,,,,,0.096,0.2098,0.0669,0.022,-0.1927,0.025,0.1003,0.11,,,0.0377,-0.197,,,0.0595,0.1575,-0.1076,-0.0368,,,-0.0344,0.0035,-0.0738,0.2114,0.0839,0.0901,0.0842,0.1222,0.0295,0.1143,,,-0.0854,-0.1026,0.145,0.025,,,0.1345,0.0926,0.1254,-0.0712,-0.079,0.0204,0.0926,0.1507,0.1547,0.1587,0.1173,0.0082,0.0358,0.0574,0.0748,,0.0314,0.1958,0.1459,0.0826,0.0252,0.134
Z19,-0.0138,0.0715,0.0598,0.0905,0.0034,0.1852,0.0802,-0.0302,-0.2016,0.1295,,,,,,,-0.0465,-0.0671,0.0395,0.0759,-0.1535,-0.0044,-0.3508,0.2091,,,-0.0539,-0.0655,,,-0.0279,0.1039,-0.0536,-0.1931,,,0.0999,-0.059,-0.1536,0.0876,-0.0936,0.1016,-0.1381,0.0271,0.0885,0.001,,,-0.1889,-0.0767,-0.0567,0.0417,,,-0.149,0.0582,-0.1084,-0.1745,-0.1179,0.0251,-0.0205,0.024,-0.0386,0.1685,-0.2169,-0.0032,-0.1172,-0.0529,-0.1883,,-0.1811,0.106,-0.2695,0.109,0.024,0.0718
Z20,-0.1368,0.0006,-0.028,0.0004,-0.0725,0.1313,-0.1666,-0.0055,-0.0344,-0.1145,,,,,,,-0.1553,0.0803,-0.1775,0.0203,-0.145,-0.0047,-0.2234,-0.01,,,-0.136,-0.2089,,,-0.3363,0.1089,-0.2045,-0.0008,,,-0.0381,-0.2669,-0.2009,0.0403,-0.0894,0.0283,-0.0939,0.1651,-0.2704,0.2304,,,-0.3505,-0.0765,-0.1548,0.0442,,,-0.1309,0.0931,-0.123,-0.2015,-0.1967,-0.0227,-0.1139,-0.0245,-0.1321,0.0795,-0.1111,-0.0745,-0.1357,0.0455,-0.0609,,-0.1152,0.0429,-0.1954,0.0927,-0.2157,0.1689
Z21,0.0712,0.0862,0.0499,0.0045,0.1677,0.0469,0.1367,0.0249,0.1121,0.0928,,,,,,,0.0261,0.2274,-0.0971,0.0572,0.1028,0.0538,0.0243,0.1213,,,0.0395,0.0786,,,0.1765,0.1228,0.0892,-0.039,,,-0.195,-0.0076,-0.0508,-0.0226,-0.0345,-0.038,-0.0066,0.166,0.2578,0.2,,,0.1572,-0.0158,0.0302,0.0813,,,-0.0171,0.0508,0.0117,0.1406,0.1006,0.1967,0.1159,0.1406,0.0795,0.1469,0.0734,0.1552,0.1087,0.1263,0.0355,,0.0798,0.0658,0.1133,0.1421,0.2047,0.1812