timestamp,angle_deg,t_y,t_x,center_y,center_x,scale_x,scale_y,shear_x,shear_y,fun,obs_ID,line,wave
16252.827675,0.0562033461344368,-1.5576811780097886,-3.3518157324423825,798.2769414460768,1396.567290266656,0.9999132480021832,1.0000201797266766,-0.0001612074609997,0.0003227623397929,43.22766907856352,04_QSUN_QS4ab,517.0,0
16253.609337500002,0.0605189666832586,-0.8305507226810757,-3.244195202103349,799.6261161560203,766.6742436995257,0.9999759467332224,1.0000418578935804,-7.904487915503173e-05,0.0002688655041757,79.72448481512505,04_QSUN_QS4ab,525.02,0
17957.743816666665,0.021253593142602757,-1.514474819132487,-3.2675998938549844,1012.6470118412379,1399.9999999999718,0.9998784529920656,0.9999808858896625,-0.0007394714806324163,0.0009483882669967628,80.38861926729983,06_SPOT_AR1,517,0
17847.507449999997,0.0550013651804335,-1.2848337251004205,-3.4308891240227863,799.0586438974896,1142.8125865971704,0.99995282503441,0.9999630731046713,-0.0001614612242841,0.0003231155332242,79.37983504491679,06_SPOT_AR1,517.0,0
17847.507449999997,0.0448953900766381,-1.3297303728893652,-3.446015205974252,787.8083332766428,1186.3871689238667,0.99995400976518,0.999973814066781,-0.0003537011479778,0.000504208799436,92.2988569655217,06_SPOT_AR1,517.0,0
17847.507449999997,0.0448953900766381,-1.3297303728893652,-3.446015205974252,787.8083332766428,1186.3871689238667,0.99995400976518,0.999973814066781,-0.0003537011479778,0.000504208799436,92.2988569655217,06_SPOT_AR1,517.0,0
17848.872295833335,0.0568209037464498,-1.2393810637494242,-3.432123140440786,799.2752728518391,1094.7113894939505,0.9999561129088264,0.999963022877851,-0.0001428373318192,0.0002622201053186,77.95252098934839,06_SPOT_AR1,517.0,0
17848.872295833335,0.0503071665164415,-1.2516891193405306,-3.443315065372074,793.2958478820892,1107.9347013434012,0.9999559670595206,0.9999618945677904,-0.0002583962859204,0.0003773450862648,91.2327957168497,06_SPOT_AR1,517.0,0
17850.238108333335,0.053095204477506,-1.339131100325838,-3.4144669803972456,791.6977839816838,1183.5956458080598,0.9999143742854256,1.0000232658708992,-0.000217267758463,0.0003572563275461,79.17221245813903,06_SPOT_AR1,517.0,0
17850.238108333335,0.0473285082799648,-1.37228381655369,-3.419642392394576,785.2624457042803,1217.2102612265635,0.9999149804370238,1.0000288731444338,-0.0003016432240837,0.0004572048367614,91.1723984617733,06_SPOT_AR1,517.0,0
17851.60803333333,0.0508501406894512,-1.100716352465836,-3.422164805004196,798.7050865098439,987.4055812913851,0.9999127972051868,0.9999676997711616,-0.0002241175410387,0.0003783381046529,78.88857204319486,06_SPOT_AR1,517.0,0
17851.60803333333,0.0465018433718003,-1.1061398685862056,-3.424134744669223,798.3566400012854,992.8545577225404,0.9999131192087228,0.99996961424133,-0.0003192447150066,0.0004535032326772,91.8362389394914,06_SPOT_AR1,517.0,0
17853.064899999998,0.056089885421152,-1.080731851119218,-3.4273862905595807,801.2198752374651,958.9766201621876,0.9999153048595772,0.9999806320307612,-0.0001538840488515,0.0003088826452783,78.57626455367998,06_SPOT_AR1,517.0,0
17853.064899999998,0.0515600956703122,-1.0784094145642642,-3.426566336634116,802.3938309327959,957.757467607487,0.999916204211372,0.9999832260384895,-0.0002491496630059,0.000386392206993,90.5472306621072,06_SPOT_AR1,517.0,0
17854.52395,0.0385512366259042,-1.5402055598461326,-3.3358415279225992,887.298733875186,1387.710816399028,0.9999133037157938,0.9999813465930514,-0.0004565834179044,0.0006160209861287,80.4345300599675,06_SPOT_AR1,517.0,0
17854.52395,0.0360584765571966,-1.5302365073547275,-3.332697161274812,891.3222288952902,1386.8210924071905,0.9999125841325852,0.9999808955404718,-0.0004797305182933,0.0006534506120151,95.07143303913088,06_SPOT_AR1,517.0,0
17855.977225,0.0413998665280371,-1.41145564052053,-3.4675402325750704,776.6681438130186,1265.3423071254124,0.9999129617150871,0.9999753057332424,-0.0003999463445489,0.0005977659853448,80.59513515078126,06_SPOT_AR1,517.0,0
17855.977225,0.0378377001308557,-1.475848211435154,-3.4798781654752062,769.2751273863817,1314.7887778610475,0.999913506556525,0.9999744226675188,-0.0004711497596951,0.0006251953865664,93.91841702744335,06_SPOT_AR1,517.0,0
17857.434441666668,0.0402621764362651,-1.381569080126036,-3.462426251637681,775.4891595266037,1247.077787266216,0.9999117880466504,0.999995615616512,-0.0003958364288907,0.0006025486578474,80.44780098951568,06_SPOT_AR1,517.0,0
17857.434441666668,0.0372267436635625,-1.4076459482769388,-3.474889473764764,769.0303002768234,1263.914925534913,0.9999146446807956,0.9999931411463842,-0.0004850846277395,0.0006203440204588,92.61263788644666,06_SPOT_AR1,517.0,0
17858.889208333334,0.0445637158298078,-1.358728438931599,-3.455399299467404,784.0293247387949,1231.8017884327935,0.999916426001652,0.9999774198342628,-0.0003316896448904,0.0005172521231285,78.74608110410804,06_SPOT_AR1,517.0,0
17858.889208333334,0.0410687201102884,-1.380441900962048,-3.460219368419996,777.9198836618629,1246.84635114636,0.9999170353497984,0.9999834926504774,-0.0003917439883889,0.0005746918733803,91.76051616051252,06_SPOT_AR1,517.0,0
17860.345458333333,0.0475111263353687,-1.4043077206144223,-3.462201258376897,784.0226477599954,1275.5207647190118,0.999911769356892,0.9999898423479128,-0.0002917027882257,0.000477881562121,80.1999294466422,06_SPOT_AR1,517.0,0
17860.345458333333,0.0423153688703731,-1.463254735976974,-3.4885568551356143,778.1373327531815,1329.8174030474102,0.9999128740478208,0.9999720729564918,-0.0003681820960109,0.0005716747729373,91.54084385586948,06_SPOT_AR1,517.0,0
17861.713283333334,0.0438210524834038,-1.068145047625576,-3.40724708438892,797.3032859443175,978.0731948839416,0.9999573759491228,1.000023339461096,-0.0003248400479186,0.0005089994725697,79.40233945543393,06_SPOT_AR1,517.0,0
17861.713283333334,0.0387282662918987,-1.0752526591343694,-3.407828866604365,798.3000405088183,985.0788149328336,0.9999579803836572,1.0000219193234314,-0.0004305595181195,0.0005987632563132,91.27497021172567,06_SPOT_AR1,517.0,0
17863.1656,0.0392681164544222,-1.432693140363485,-3.5144040996681096,773.5973172526949,1301.2867937750343,0.9999078479539484,0.9999737123255944,-0.0004341660601431,0.0006356638137325,79.48997245457237,06_SPOT_AR1,517.0,0
17863.1656,0.0361799643171227,-1.4934978362348226,-3.5333302470616017,766.6278026009351,1353.7566876992196,0.9999121189935803,0.999954725406585,-0.0004752553880877,0.0006579361176281,93.3116032016896,06_SPOT_AR1,517.0,0
17864.6292,0.0402108487690916,-1.2308177971106369,-3.467084757295216,786.2370020487607,1117.4966493466377,0.9999111467929304,0.999958045638347,-0.0004080879174299,0.0006117699868205,83.16247235593205,06_SPOT_AR1,517.0,0
17864.6292,0.0363199670780149,-1.276306709746883,-3.475466670832726,781.6591572553579,1154.5926655957055,0.9999146703611912,0.9999549589708144,-0.0005003759154822,0.0006493458795996,96.22268361384224,06_SPOT_AR1,517.0,0
17866.08720833333,0.0424772572871152,-1.5400729945124358,-3.3546992906545148,890.5976428200339,1386.7772166997893,0.9999144842834308,0.9999890557152936,-0.0003650070779407,0.0005934727227945,82.74294624292888,06_SPOT_AR1,517.0,0
17866.08720833333,0.0363804209613911,-1.5616974753378794,-3.3431657133462926,896.6773417335544,1398.9572008192415,0.9999180176637164,0.9999846650895856,-0.0004813171677002,0.0006712125681242,95.35417724586983,06_SPOT_AR1,517.0,0
17867.544070833334,0.0490202513585368,-1.1669261200379974,-3.4251429162900524,794.9605791833334,1059.8189899467136,0.999915781337664,1.000013557827353,-0.000254311784346,0.0004408852048086,79.05599105178038,06_SPOT_AR1,517.0,0
17867.544070833334,0.0429499654407999,-1.1864298481168851,-3.432331391780437,792.0141389316441,1079.1923711965644,0.9999173076302438,1.0000104890132069,-0.0003787406634977,0.000549679223433,91.39741347157504,06_SPOT_AR1,517.0,0
17869.0012875,0.0532490746570973,-1.269249056634996,-3.4617083232587262,795.0050578931372,1169.0332589359357,0.9999148937389798,0.999980304387005,-0.0001621945421612,0.0003615694952708,80.09950275070445,06_SPOT_AR1,517.0,0
17869.0012875,0.0470982621375608,-1.317419476035767,-3.474602570010538,789.080050147672,1216.202075371999,0.9999147382821224,0.9999766435893462,-0.0002784920030907,0.0004747738737506,93.70007187507989,06_SPOT_AR1,517.0,0
17870.375766666664,0.04797215462784,-1.5187372109641168,-3.3458657277422086,877.9152310741849,1399.967083476554,0.999908925379258,0.9999882380846156,-0.0002689535782796,0.0004795014561918,84.35414432855328,06_SPOT_AR1,517.0,0
17870.375766666664,0.0412257068474657,-1.5160274118799504,-3.3209399844459373,898.2103848424962,1399.9999989627695,0.9999099228757492,0.999987965168726,-0.0003759909169777,0.0005997799529822,95.89050899405044,06_SPOT_AR1,517.0,0
17871.829833333333,0.0405590104369339,-1.511520128709455,-3.3528224609333046,881.3693152655173,1394.5782221962595,0.9999200087745388,0.9999922201280724,-0.00036837954387,0.0006069236022454,83.61879999527113,06_SPOT_AR1,517.0,0
17871.829833333333,0.0327254404466442,-1.5257981071873656,-3.332648416219355,896.4648943229132,1393.4107691083063,0.999955867362784,0.9999932347799084,-0.0005335609455928,0.0007151842324166,95.54586445682496,06_SPOT_AR1,517.0,0
17873.36855833333,0.0458435441049321,-1.1031963434221266,-3.461003779628269,794.9832312598824,1006.9822193679262,0.9999183234566492,0.9999670990151268,-0.0002963869587129,0.0004972842620868,81.3430271928842,06_SPOT_AR1,517.0,0
17873.36855833333,0.0412800964867263,-1.1110081479428588,-3.4617281483907463,795.2126019235958,1013.4534939920744,0.999919843756153,0.9999652877503008,-0.0003954030600076,0.0005812786829318,94.6188986644816,06_SPOT_AR1,517.0,0
17874.826383333333,0.0355665134063366,-1.5434960973740304,-3.3582344914391844,864.0616750504043,1395.5300327172895,0.9999200645378016,1.0000019819163544,-0.0004691388137403,0.000664715925693,81.75387386151051,06_SPOT_AR1,517.0,0
17874.826383333333,0.0302235836865605,-1.5472936188984296,-3.324886828156629,888.844633647908,1395.583301570705,0.99992017626811,1.0000071282123484,-0.0005815705779936,0.0007569252207269,95.06298466616708,06_SPOT_AR1,517.0,0
17876.1943,0.0417803593173428,-1.428791197703154,-3.478939744730135,775.5501224615941,1306.305767773885,0.999918030233486,0.9999956422281878,-0.0003689134223184,0.0005463215195724,80.10658324034048,06_SPOT_AR1,517.0,0
17876.1943,0.0351945687118812,-1.4492644534144077,-3.4065524853143434,834.571474893678,1322.2567919212129,0.9999185385584114,0.9999937510073634,-0.0004820250152742,0.0006659399347111,94.8650873023055,06_SPOT_AR1,517.0,0
17877.560808333335,0.041859592206796,-1.1503129123903626,-3.480359973282621,789.1394831240834,1059.7738515029648,0.999912531249174,0.99997720472088,-0.000370499684479,0.0005645202125299,82.2891968002025,06_SPOT_AR1,517.0,0
17877.560808333335,0.0352398259445165,-1.151473707713924,-3.4930875962267587,785.9509249632531,1060.7286994808055,0.99991345156328,0.99994053837899,-0.0005081395883032,0.0006517548642508,96.68002400708517,06_SPOT_AR1,517.0,0
17878.925658333334,0.0417356939245514,-1.246106901531014,-3.392970893272373,785.4531132243462,1135.671717230374,0.9999131706261126,1.0000209260426862,-0.0003838557139836,0.0005893097920657,77.2217077309164,06_SPOT_AR1,517.0,0
17878.925658333334,0.036918070632581,-1.295816907532588,-3.406546805354693,775.949504232839,1176.2533151125483,0.999914744242242,1.0000183986746514,-0.0005001737296702,0.0006383759477649,92.25431088678214,06_SPOT_AR1,517.0,0
17880.383133333333,0.0396689433781641,-1.4889715896745148,-3.351155868666761,891.8090135972899,1382.1266101486028,0.9999199415306756,0.9999990382051608,-0.0003985721670062,0.0005720417182089,80.9620199769039,06_SPOT_AR1,517.0,0
17880.383133333333,0.0347628436542259,-1.500755981784459,-3.3417585460538923,897.658803009448,1398.157221955328,0.999952834862221,1.0000015221733878,-0.000479596760925,0.0006511749365071,94.65707654309628,06_SPOT_AR1,517.0,0
17881.8435,0.0458328432437591,-1.0682856428322722,-3.4832022500272046,797.8749686170526,975.4573564327916,0.9999193862898637,0.999955022316649,-0.0003109068359162,0.0005011997492403,78.48500689982572,06_SPOT_AR1,517.0,0
17881.8435,0.0418578562169832,-1.0843495361070463,-3.488641854378994,795.5360755031866,988.1010016203336,0.9999193845226052,0.9999508291561964,-0.0004022797439878,0.0005720942900138,94.11329699315846,06_SPOT_AR1,517.0,0
17883.21255,0.0403939167676616,-1.226574256518052,-3.4545734615374992,783.2537405218507,1140.3053602621435,0.9999164488942004,1.0000220526142718,-0.0004064141230207,0.0005643306623868,78.07308274942794,06_SPOT_AR1,517.0,0
17883.21255,0.0339559836700237,-1.298745595870143,-3.46465942218445,774.7712173735694,1207.547526977398,0.9999168873515438,1.0000210354886945,-0.0005091019932893,0.000679398500695,92.71910509210018,06_SPOT_AR1,517.0,0
17884.583616666663,0.0406722954527499,-1.3579235736253914,-3.515635731715866,775.4668686582828,1246.0193068383298,0.9999135706698724,0.9999797436747124,-0.0004155449566845,0.0005934395263663,83.17645062136597,06_SPOT_AR1,517.0,0
17884.583616666663,0.0367936084899042,-1.40478108224207,-3.527115082231268,768.5329028392205,1283.220936431446,0.9999136764796608,0.99998079026108,-0.0005139576355899,0.0006590654032857,97.0502102864927,06_SPOT_AR1,517.0,0
17886.043020833335,0.0396941463150578,-1.3998823296023235,-3.509525920538205,772.9226262499712,1261.4529876019576,0.9999543906667472,1.000004400360228,-0.0004278951040065,0.0005929683501633,80.88798389851628,06_SPOT_AR1,517.0,0
17886.043020833335,0.0349819872097023,-1.4947853670381046,-3.527195581291767,764.0734616496354,1335.8302888642422,0.999953828032634,1.0000055185208638,-0.0005186337944487,0.000679154045251,94.66735850442764,06_SPOT_AR1,517.0,0
17887.492183333332,0.0260863269330303,-1.5216971135632549,-3.381446875269415,891.8263460798885,1399.6577139409908,0.9999546064131531,0.999982914145867,-0.0006473041300066,0.000813465969497,79.89049665131064,06_SPOT_AR1,517.0,0
17887.492183333332,0.0230253053061882,-1.5206295753030297,-3.3434320213160764,917.0975558969474,1396.1960556920517,0.9999523504415349,1.0000014058271172,-0.0007150669664221,0.0008641938269587,94.35443047273912,06_SPOT_AR1,517.0,0
17888.946858333336,0.0330413423277176,-1.5812357835286963,-3.3438380588086662,865.8938036058968,1383.461120661105,0.9999490326641683,1.0000100958232878,-0.0005159483536175,0.0006980219381846,81.57393461274059,06_SPOT_AR1,517.0,0
17888.946858333336,0.0251398699208894,-1.6128919756324336,-3.3157977684797246,886.0331944772369,1391.878827025888,0.9999516836516958,0.99998481552746,-0.0006845651399216,0.0008385518664821,96.154281868927,06_SPOT_AR1,517.0,0
17890.4039,0.0382387899328029,-1.2979599629592204,-3.489939603378679,773.5689126084872,1191.4826477348072,0.9999192099089672,1.0000259218087972,-0.0004540301017172,0.0006076540144307,77.34742454516733,06_SPOT_AR1,517.0,0
17890.4039,0.0332546179766728,-1.3933455088341993,-3.5164117267972697,765.6222756024154,1276.393487624331,0.9999543090803232,0.9999815224530814,-0.0005265582962718,0.0006933655873065,93.16870303444206,06_SPOT_AR1,517.0,0
17891.8569125,0.0289530892704353,-1.5185971454806653,-3.396585765803361,872.3905508735609,1391.087809839533,0.9999547893266716,1.0000094623557032,-0.0006108355957806,0.0007886137925848,76.97059641767174,06_SPOT_AR1,517.0,0
17891.8569125,0.0255147561380268,-1.518840916826503,-3.37549602287223,890.7448949984034,1394.4892778456629,0.9999553956015224,0.9999768620218704,-0.0006665507038811,0.0008400387527312,92.33427249988492,06_SPOT_AR1,517.0,0
17893.3143,0.0320363372309025,-1.3269607347193282,-3.5034290307239613,767.1203457425437,1221.6981285506677,0.9999156808092214,0.999983531903932,-0.0005576511650885,0.000718208077181,82.42855184572953,06_SPOT_AR1,517.0,0
17893.3143,0.0286687685401807,-1.3990140446050503,-3.51950990710748,763.8216710370612,1289.3617647754395,0.9999166704870698,0.999974481456146,-0.0006209868186924,0.0007724126742287,93.2299834972024,06_SPOT_AR1,517.0,0
17894.7613625,0.026587046462646,-1.5259258516589949,-3.366982950801674,889.4988534330474,1399.0896850551042,0.9999088031984602,0.9999992016706688,-0.0006408775083522,0.0008258290363596,79.74910919449876,06_SPOT_AR1,517.0,0
17894.7613625,0.0240626789844237,-1.5267314267809726,-3.3285317322785097,912.378144667042,1398.062967218538,0.9999081864246756,1.0000072064321517,-0.0006923920718841,0.0008672832970168,93.8521868211125,06_SPOT_AR1,517.0,0
17896.1307625,0.0280625681366979,-1.5290905477135042,-3.373459538020625,892.5549673897707,1391.1490251197106,0.9999109377637216,0.999986117203334,-0.0006223980006149,0.0008209339352766,77.53344806644418,06_SPOT_AR1,517.0,0
17896.1307625,0.0269051103484215,-1.538350179427694,-3.359343483136364,906.710563229965,1398.4478803103457,0.999910808712784,0.9999791578053796,-0.0006476259875224,0.0008454988150212,91.00223636419668,06_SPOT_AR1,517.0,0
17897.495258333336,0.0255474996656395,-1.5073077572557496,-3.362631435261729,893.3486959137045,1392.439790089628,0.9999142627069016,0.9999788028843049,-0.0006635438927428,0.0008475743534098,78.64734469434592,06_SPOT_AR1,517.0,0
17897.495258333336,0.0252363147546458,-1.509547964756418,-3.3390945826168785,912.9599343100572,1390.865659608306,0.9999139764590234,1.0000049518015124,-0.0006799173503077,0.0008482007399972,92.96951745684846,06_SPOT_AR1,517.0,0
17898.947308333336,0.021184866643267,-1.5137749929046829,-3.406252778016948,898.199613851471,1384.327754749908,0.9999140964105572,0.9999935626357568,-0.0007466731734371,0.0009166274993374,81.68341463895126,06_SPOT_AR1,517.0,0
17898.947308333336,0.0176163970252578,-1.5326279477188731,-3.3955695054625687,916.2644014522164,1398.1147995594768,0.999913027693164,1.0000046766303874,-0.0008177365618357,0.000987112787907,94.32362677498712,06_SPOT_AR1,517.0,0
17900.31233333333,0.0278673357018264,-1.5230635496356932,-3.3735012973676435,873.9158580640164,1398.0437301096315,0.9999128125806176,0.9999916887347292,-0.0006203061414783,0.000822626695242,76.84563267021936,06_SPOT_AR1,517.0,0
17900.31233333333,0.023793851545955,-1.5276699293183638,-3.344450236656972,897.2419177579494,1398.4189254485143,0.9999130650338164,0.9999887835532444,-0.0006969482083755,0.0008937529424187,91.05966740553735,06_SPOT_AR1,517.0,0
17901.76613333333,0.016775679243097,-1.5070427687793244,-3.3476735432545155,927.2010883953748,1398.568898720776,0.999907445839124,0.9999715781424552,-0.0008016087686033,0.0009992802173338,80.44103764025454,06_SPOT_AR1,517.0,0
17901.76613333333,0.0144166462152322,-1.5161558680024867,-3.306970580167891,957.3588823198348,1399.162518842259,0.9999058365428476,0.9999759130977162,-0.000852045585788,0.0010387648774118,94.23363608828564,06_SPOT_AR1,517.0,0
17903.133433333333,0.0207592681048154,-1.5157654162681125,-3.352348068724853,898.1025240543562,1395.2722318720787,0.9999133961901864,0.999997066988182,-0.0007360749128843,0.0009321656816976,76.71088723436681,06_SPOT_AR1,517.0,0
17903.133433333333,0.0178506737123578,-1.5169832586800551,-3.3145110645142832,938.0177247646428,1398.4309886721549,0.999916702655413,0.9999868558184002,-0.0007824181707014,0.0009715982998526,91.58116441921337,06_SPOT_AR1,517.0,0
17904.501608333332,0.021053761893139,-1.4939263873851332,-3.34099325284046,903.9838527326528,1397.9456533907528,0.9999130828971938,1.0000061432715728,-0.0007162627115355,0.0009359931292787,79.99805169786353,06_SPOT_AR1,517.0,0
17904.501608333332,0.0189409934561383,-1.4962509568276436,-3.312746199442758,933.4701256016308,1399.9999989627695,0.999914679932318,0.999987424562096,-0.000754263444028,0.0009711934038045,94.37673948892687,06_SPOT_AR1,517.0,0
17905.869433333333,0.0264434815443837,-1.5113480620446442,-3.342723193914213,905.7349905911736,1399.999998969558,0.999919154404268,0.9999805857884024,-0.0006375419995753,0.0008304098734852,83.1152452938149,06_SPOT_AR1,517.0,0
17905.869433333333,0.0235701004397638,-1.5149130103536537,-3.3173037053362253,936.7390136234148,1399.8584400476077,0.9999171542737246,0.9999835915963402,-0.0006953300937024,0.0008778450892425,98.17109511518584,06_SPOT_AR1,517.0,0
17907.232883333334,0.0158979841153364,-1.4916688918136976,-3.3323627790706705,906.2209980136664,1391.423474843753,0.9999078949164084,1.0000167518684338,-0.0008088966427577,0.0010089097605974,78.97052309651335,06_SPOT_AR1,517.0,0
17907.232883333334,0.0142402604523653,-1.501963677161098,-3.3306571975503085,923.4811171581534,1397.6701019100035,0.9999127419700964,1.0000111945780334,-0.0008449982644611,0.0010373780657575,96.09605100050624,06_SPOT_AR1,517.0,0
17908.597733333332,0.0004742309217537,-0.4854927035610716,-3.18853274522043,1043.3177577843592,456.44582245059337,0.9999152224786804,1.0000159924055467,-0.001081687562986,0.0012648319047012,76.82829651854334,06_SPOT_AR1,517.0,0
17908.597733333332,-0.0009817426569827,-0.4905488755591327,-3.168775422142408,1062.432102427685,459.8872123039423,0.999913655196524,1.000009776612063,-0.0011123593340823,0.0012831576283856,92.70209703197452,06_SPOT_AR1,517.0,0
17909.961525,0.0193912425391126,-1.5700292491466716,-3.3143167361704045,914.9353868465424,1395.4701009773564,0.9999164804171462,0.9999996592572896,-0.0007671556978312,0.0009585467646831,78.8498816370616,06_SPOT_AR1,517.0,0
17909.961525,0.0149798778129141,-1.5762847869110224,-3.2972198829995163,933.3779592241318,1399.9999989627695,0.9999153226312308,0.9999891158304172,-0.0008476186444206,0.001032857419201,93.15577997932924,06_SPOT_AR1,517.0,0
17911.3273375,0.0183104589539664,-1.49496813156688,-3.3640154665697946,905.5929255390222,1382.2547776258566,0.9999181866019682,0.9999791616539996,-0.0007682452672659,0.0009798714401712,79.12200302676649,06_SPOT_AR1,517.0,0
17911.3273375,0.0146938702399889,-1.496702755751187,-3.339933394662036,925.0626655436472,1387.0985184298825,0.9999180674623483,1.000009249160567,-0.0008335567408038,0.0010357171331315,94.78238906798713,06_SPOT_AR1,517.0,0
17912.7772,0.0188247229447902,-1.513645358008976,-3.3577459011217208,917.0195148256572,1397.8160904734148,0.9999197546418273,0.9999841409116828,-0.0007639266624561,0.0009561205240873,84.4863870543014,06_SPOT_AR1,517.0,0
17912.7772,0.0136434086857631,-1.5142188438073385,-3.3037519389370456,956.1829069502792,1397.0715994195727,0.9999180928073044,0.9999991002505992,-0.0008637970123665,0.0010439419446354,98.41613953063288,06_SPOT_AR1,517.0,0
17914.140558333333,0.0023069003279077,-1.519808955742781,-3.3545177038246563,908.7739389128346,1399.4639860045263,0.9999050467507796,0.9999969838863524,-0.0010872274095311,0.0012480776337103,84.48160831768703,06_SPOT_AR1,517.0,0
17914.140558333333,0.0022528569491995,-0.6220245514914594,-3.200515761343759,1034.4086481059494,585.2663796517844,0.9999042058202908,1.0000171323961973,-0.0010691195930307,0.001246002274991,98.33955268411528,06_SPOT_AR1,517.0,0
17915.58735833333,0.0205990553751847,-1.4949575923694254,-3.3753790549410234,911.56317428895,1388.1110659271676,0.999914288415635,0.9999996411953838,-0.0007371397825292,0.0009434498727038,81.46876487453598,06_SPOT_AR1,517.0,0
17915.58735833333,0.0172064305428329,-1.501992441696022,-3.3316314754461858,942.230184929576,1387.200346777832,0.9999172103832472,0.999977220546986,-0.0008021609064285,0.0009972531406139,95.50568998838408,06_SPOT_AR1,517.0,0
17917.035554166665,0.007975503181886,-1.506714654339403,-3.340214997690208,927.0207136260548,1397.975250368026,0.9999104116646296,1.0000019150832906,-0.0009442587237274,0.0011555070389572,78.70179278904484,06_SPOT_AR1,517.0,0
17917.035554166665,0.0065355782415281,-0.4677510645690791,-3.1541838983150967,1062.160947995981,441.8200048275438,0.9999106957453052,0.9999743990399416,-0.0009767862869122,0.0011730510761886,94.91163404447816,06_SPOT_AR1,517.0,0
17918.401279166665,-0.0042033713575454,-0.4233744659658681,-3.2287618637711777,1007.2385305160414,395.5610625092429,0.999902477075068,0.999973044562988,-0.0011514736406554,0.0013565427049587,80.8622816312566,06_SPOT_AR1,517.0,0
17918.401279166665,-0.0054500400578061,-0.4431792353001231,-3.154857609059674,1065.9241707008266,413.90142591202266,0.9999113333130444,0.999972141384189,-0.0011935940048403,0.0013714039513126,95.51682633663776,06_SPOT_AR1,517.0,0
17919.855341666665,0.0131981645909525,-1.5284061712051027,-3.371854861477284,924.1452231865012,1396.7943697362025,0.9999005069233626,0.999974377555025,-0.0008791125447069,0.0010724961932876,80.99167463582562,06_SPOT_AR1,517.0,0
17919.855341666665,0.0095106841634886,-1.5300234657199054,-3.316539327281333,973.2765674136216,1397.18738810262,0.9999091996390088,0.9999631212265288,-0.0009474789932963,0.0011344610155076,95.82381679566376,06_SPOT_AR1,517.0,0
17921.306691666665,0.0062309296105366,-1.4838858167053537,-3.3630524926642185,949.617908379981,1384.2348339749446,0.9999112962263492,0.9999862904884362,-0.0009783500584308,0.0011843219761588,82.96159116272239,06_SPOT_AR1,517.0,0
17921.306691666665,0.0092249632112709,-0.4351362671256892,-3.145820882719096,1103.6627830968991,426.14347752495655,0.9999183024916544,0.9999774851501768,-0.0009455107271039,0.0011230175012017,96.43871765485132,06_SPOT_AR1,517.0,0
17922.760316666667,0.0181418617709495,-1.508778335617957,-3.3645476665007363,902.7409751963044,1393.265364826644,0.9998893392478928,1.0000005823792453,-0.0007870507724412,0.000986419879454,80.03062967550528,06_SPOT_AR1,517.0,0
17922.760316666667,0.0153360492675141,-1.51597077538343,-3.3275355559476565,939.4586458873976,1397.9775099614694,0.9999538529739324,1.0000117729570404,-0.0008476379885972,0.0010320687145405,95.1155641840513,06_SPOT_AR1,517.0,0
17924.123766666668,0.006899667209309,-0.2934111632231861,-3.171728555122632,1080.5308156601718,375.1311655120618,0.9999175388320864,0.9999865672992694,-0.0009763876241809,0.0011704364840793,83.31455959781829,06_SPOT_AR1,517.0,0
17924.123766666668,-0.0025665874478416,-0.6001636865783071,-3.247903224433745,1024.4920608879197,659.7381572399712,0.9999092563961728,0.9999932820768276,-0.0011584473118087,0.0013472079185145,97.01543372363228,06_SPOT_AR1,517.0,0
17925.579579166668,0.0081976023260649,-1.493904266308422,-3.359096246399445,929.2443181775968,1395.3168170551842,0.9998851821256212,0.999996086824642,-0.0009375502152226,0.0011556398857613,82.0605648369677,06_SPOT_AR1,517.0,0
17925.579579166668,0.0054161607521535,-1.5087468101251131,-3.320896699490988,957.9672294879916,1396.910228964817,0.9998842188505837,0.9999982035539154,-0.0010031548680152,0.0012041992768487,98.2833413121954,06_SPOT_AR1,517.0,0
17926.944166666668,0.0082813455466773,-1.5881162775168305,-3.338918162719565,911.7261940900692,1389.106124546165,0.9999015233595526,0.9999975530632104,-0.0009510324258807,0.0011637516239709,80.32191522065109,06_SPOT_AR1,517.0,0
17926.944166666668,0.0058134075531185,-1.5962380735737738,-3.313175194694338,935.946053183561,1393.7134974896169,0.9999091963863678,0.9999851525823682,-0.0010021942507454,0.0012092581499322,96.36129298796013,06_SPOT_AR1,517.0,0
17928.394816666667,0.0055176238745833,-0.3060246266690036,-3.2720466288728387,980.535683346444,292.8152862117957,0.9999103672905328,0.9999256322303964,-0.0009818709200379,0.0011873213603536,81.59403726552698,06_SPOT_AR1,517.0,0
17928.394816666667,0.0058052126644957,-0.2817218896999521,-3.245122805324995,1020.1504768232844,276.4006718651472,0.9999096628479996,0.9999701234031452,-0.0009922841997881,0.0011731505293785,97.89548027274044,06_SPOT_AR1,517.0,0
17929.7617625,0.0091771395670505,-1.5156886440007915,-3.379398521540768,908.4893819316889,1396.7904402597107,0.9999061060551544,1.0000141425795253,-0.0009309558150471,0.0011346579145401,84.63007497240558,06_SPOT_AR1,517.0,0
17929.7617625,0.0083563067208861,-1.515560806250156,-3.3484640707605093,941.1889125273372,1394.256755553875,0.9999114140999942,0.9999937811452416,-0.0009560572749715,0.0011486638924112,97.22486959685564,06_SPOT_AR1,517.0,0
17931.217666666667,0.0216421396867025,-1.5164543345754125,-3.4362395436289463,882.6462422699202,1397.5441927184663,0.9999149846390578,0.9999630167644956,-0.0007193255197429,0.0009083781711728,84.73881536594784,06_SPOT_AR1,517.0,0
17931.217666666667,0.0230099639024866,-1.5245109447157297,-3.4116218357953283,903.8113784218144,1397.474321588524,0.999916757103498,0.9999605894458036,-0.0007111142083805,0.0008799625286632,98.83296222508748,06_SPOT_AR1,517.0,0
17932.582075,0.0185179260032152,-1.498242761072213,-3.345079691807676,918.9555944684308,1397.2996243504265,0.9999067380604734,1.0000243156373392,-0.0007788946946337,0.0009760642586333,79.14090731188132,06_SPOT_AR1,517.0,0
17932.582075,0.017905768400095,-1.505884390757651,-3.3054509581808382,951.3576746420816,1398.6502669689803,0.9999143877411651,1.0000254262337618,-0.0008012461608836,0.0009788462171547,92.1023378844337,06_SPOT_AR1,517.0,0
17933.947275000002,0.0281826384420389,-1.4125763359020949,-3.619534437566157,755.5900192904376,1337.3609764226835,0.999911868264268,0.9999860825068289,-0.0005936389434623,0.0007875232514809,87.45830333487577,06_SPOT_AR1,517.0,0
17933.947275000002,0.024621283430224,-1.4535611691396024,-3.624406719811636,749.2468674837139,1370.2656593616332,0.9999134323129096,0.9999948956272732,-0.0006655843095323,0.0008408706064453,97.88287723260828,06_SPOT_AR1,517.0,0
17935.313433333333,0.0292434966066375,-1.4090770917615565,-3.562022798550348,758.3832740717886,1286.9943547371802,0.9999129710101828,1.0000298142225448,-0.0006082790962675,0.0007963888326131,83.72539417159228,06_SPOT_AR1,517.0,0
17935.313433333333,0.0242183344521049,-1.4074458118563624,-3.50003518437795,807.2638945579635,1280.435879923024,0.9999164411524408,1.0000294182386165,-0.0007026466470394,0.000875421675966,91.09486508282713,06_SPOT_AR1,517.0,0
17936.7695125,0.0272611515229574,-1.4575900754288256,-3.4174150947481943,888.463097307862,1393.476031939661,0.9998867685815812,0.9999859548625644,-0.0006076492376886,0.0008229495058711,80.02120043771032,06_SPOT_AR1,517.0,0
17936.7695125,0.0264734201455367,-1.4789006643107183,-3.3768440507772937,919.3958658129716,1399.551786940618,0.9998880181577298,0.9999965455747504,-0.0006377202782118,0.000829065618731,93.40640315158122,06_SPOT_AR1,517.0,0
17938.13348333333,0.0215166278332001,-1.473052489363886,-3.408968987506951,888.4932465122567,1390.8428934366673,0.9999033114889516,1.0000138972269992,-0.0007160139306404,0.0009006330318126,83.32113063734367,06_SPOT_AR1,517.0,0
17938.13348333333,0.0200311525858711,-1.469843470638363,-3.37652879051124,911.762716856373,1387.9902019379367,0.999913091159928,0.9999947225831192,-0.0007469849837559,0.0009241145419564,94.96769237809283,06_SPOT_AR1,517.0,0
17939.495966666665,0.0185518030828985,-1.4763070609939064,-3.463935453861493,898.47510910531,1398.8183461004826,0.999908303068796,0.999903900489476,-0.0007580951539168,0.000966528676452,83.80969393042865,06_SPOT_AR1,517.0,0
17939.495966666665,0.0209464702977567,-1.4836843325830404,-3.441044076511756,913.7496663426406,1396.5200982455497,0.9999131703932794,0.999915739354646,-0.0007341963474309,0.0009131675743749,97.2538393205706,06_SPOT_AR1,517.0,0
17940.859941666666,0.02870168046983,-1.402611673347103,-3.5758988486017467,754.649220818457,1328.329696708956,0.9999570639869134,1.0000103693249174,-0.0006038724699591,0.0007822931628722,79.14039771063449,06_SPOT_AR1,517.0,0
17940.859941666666,0.0287509885987731,-1.405964609593931,-3.575499476904215,756.04006502463,1327.6772322914187,0.999957916739026,1.000010257106992,-0.0006142080473264,0.0007752399020236,92.9686262009736,06_SPOT_AR1,517.0,0
17942.22251666667,0.0236446225958913,-1.478119753881214,-3.38862689831963,903.663354871214,1394.0386187177096,0.9999168180935554,0.9999915782795872,-0.0007008066991901,0.0008734693705381,76.28428237360899,06_SPOT_AR1,517.0,0
17942.22251666667,0.0238905100026212,-1.4845545893072662,-3.378840093341472,917.0933843489566,1399.999998973235,0.9999171531058684,0.999991950971706,-0.0007012229394836,0.000856951956252,93.04499327425552,06_SPOT_AR1,517.0,0
17943.670358333336,0.0272040514762302,-1.4890587266109996,-3.447876305742044,884.6746357121391,1393.3901694251797,0.9999143849272164,0.999978039635882,-0.0006338318881442,0.0008163959509489,80.05068270059134,06_SPOT_AR1,517.0,0
17943.670358333336,0.0270998386116911,-1.5076046426684446,-3.423072143126848,892.2285431622237,1398.487203576559,0.9998921026376256,1.0000103407675285,-0.0006527797184268,0.000814424218879,94.21125937119972,06_SPOT_AR1,517.0,0
17945.032583333334,0.0294885223130934,-1.4742264182556442,-3.4188234326577693,871.6774060235716,1392.2071054447397,0.9999066633441566,1.0000074944412018,-0.0005859359611447,0.0007776643282823,81.0743278233934,06_SPOT_AR1,517.0,0
17945.032583333334,0.0263820528464859,-1.4826536329945168,-3.4038194925582053,893.9591321010246,1399.238089604103,0.9999152563241386,1.000017669439949,-0.0006464986268947,0.0008294110076851,94.1553686125893,06_SPOT_AR1,517.0,0
17946.483666666667,0.015880671960212,-1.4633483694968157,-3.4256299706762303,902.3743717101668,1379.9350951003614,0.9999101877468662,0.9999783955444014,-0.0007957396787151,0.0010065420657182,79.04081227261965,06_SPOT_AR1,517.0,0
17946.483666666667,0.0164359514452302,-1.4833385691681968,-3.3647146403759223,947.839886919389,1390.7304781095263,0.9999180501469466,0.9999850954627252,-0.000799905241603,0.000986777423463,94.56638737042782,06_SPOT_AR1,517.0,0
17947.934933333334,0.004781986182806,-0.6706330689083589,-3.3488190301403,948.2069731256086,645.98230160142,0.9998912232575742,0.999953512199264,-0.0010184438294362,0.0012002534032538,80.3636776391243,06_SPOT_AR1,517.0,0
17947.934933333334,0.0041465344580316,-0.5205597369991292,-3.256271691579636,1020.588802430234,514.3508937797593,0.9998995175225271,0.999963165371478,-0.0010445290967469,0.0012032001800766,94.41183399126044,06_SPOT_AR1,517.0,0
17949.391533333335,0.0116151449203231,-1.4900394295565822,-3.257395047503393,1016.9000059176224,1399.9999884838917,0.9999074811718792,1.0000023783611642,-0.0008956206585785,0.0010844035481865,76.3336585599736,06_SPOT_AR1,517.0,0
17949.391533333335,0.0102575596898442,-1.4866593330097433,-3.237534958888615,1032.374480381603,1399.9999368939611,0.9999009460446852,1.0000074903825658,-0.0009216651760033,0.0010979742326075,90.87446628496836,06_SPOT_AR1,517.0,0
17950.756995833333,0.0139101278184459,-1.4879633375257284,-3.3686801461560805,916.3411521660552,1398.8654977308406,0.9998842438356238,1.0000134718835052,-0.0008517515862274,0.001034104152234,77.48054652957534,06_SPOT_AR1,517.0,0
17950.756995833333,0.0163651223160011,-1.4926129907076675,-3.3332436209488225,950.7765759788264,1399.562667585128,0.9999529574027656,1.000002255236192,-0.0008274290522858,0.0009814728600813,91.66285792143556,06_SPOT_AR1,517.0,0
17952.291866666666,0.0056852690194657,-0.3159384960543623,-3.178043796688581,1071.258777573751,245.72827368499244,0.9998809588095124,0.9999360440265448,-0.0009836677110374,0.0011816391335986,82.46450529512087,06_SPOT_AR1,517.0,0
17952.291866666666,0.0027878406343697,-0.2839455334239513,-3.1038356755910894,1132.3878170830797,233.2787526378588,0.999891511977154,0.999979110939526,-0.0010681648412511,0.0012347422839152,94.17032517200931,06_SPOT_AR1,517.0,0
17953.65435,0.0253437091798528,-1.489394012634258,-3.38191038183512,907.2589961782314,1399.9999989627695,0.9999110941937208,1.0000081771046536,-0.0006709043776297,0.0008477454455749,80.34226419295692,06_SPOT_AR1,517.0,0
17953.65435,0.0232351790462197,-1.5040504006660744,-3.344089306880663,944.7252452177804,1399.9999999998774,0.9999128227765508,1.0000235369740265,-0.0007258283943483,0.0008823319362152,92.2762944408616,06_SPOT_AR1,517.0,0
17955.015349999998,0.0237580334238552,-1.4990293973576634,-3.331887776291102,946.0075669140144,1399.9752764876666,0.999909018723418,1.0000212854083383,-0.0007052852515671,0.0008741136875137,78.19408012463205,06_SPOT_AR1,517.0,0
17955.015349999998,0.0250900041327004,-1.4974146724047257,-3.290586305675126,995.6963139647544,1399.9999418414145,0.99991627174006,0.9999845107976868,-0.0006808083573249,0.0008505865216367,90.68776122621142,06_SPOT_AR1,517.0,0
17956.381075,0.0267370114665446,-1.4799872925473077,-3.3835778304709305,942.6219951335404,1396.1418267105553,0.999908227520648,0.9999505166830532,-0.0006293256999176,0.0008300995862562,81.42606406307368,06_SPOT_AR1,517.0,0
17956.381075,0.0274660668837951,-1.4848084222251112,-3.362619081779761,966.6069592147156,1399.971932768951,0.9999086419709162,0.9999742322913434,-0.0006258536853644,0.0008112273381013,95.99909441774292,06_SPOT_AR1,517.0,0
17957.743816666665,0.0215361066877794,-1.5015132081359264,-3.227983222344562,1047.9432385246082,1399.9999438057434,0.9999087723611274,1.000007552412727,-0.0007361852489419,0.0009223367836882,95.12607052031524,06_SPOT_AR1,517.0,0
17848.198845833333,0.0587082839331609,-1.1967778239813394,-3.395008173407002,795.0092905542965,1058.039157463473,0.9999718121157648,1.0000360489360307,-0.0001023287801372,0.0002956555531677,72.50179841958231,06_SPOT_AR1,525.02,0
17849.563954166668,0.0626892014584435,-1.3486359755590531,-3.3940473657780403,802.478009771163,1178.6739348525282,0.9999657247574008,1.0000259301633383,-3.069525319602044e-05,0.0002113515376355,74.78957385203341,06_SPOT_AR1,525.02,0
17850.931516666667,0.0634857731567913,-1.2052470382001623,-3.373160514809958,802.3881221395659,1085.2851951022058,0.9999712580758624,1.0000341483659465,8.743810878401203e-06,0.000211562416315,73.52291203191564,06_SPOT_AR1,525.02,0
17852.303016666665,0.0631814325587458,-1.2051330603614252,-3.4560306728981978,801.3969927028037,1077.6782046454873,0.999964362600512,1.000025306734118,-2.111540554449404e-05,0.0002123298266851,74.0245977076093,06_SPOT_AR1,525.02,0
17853.759270833336,0.0585958870734795,-1.1265117988457696,-3.430718481889546,796.1060880424178,997.7478318801884,0.9999680658039144,1.0000195639973049,-0.0001074076074876,0.0002887154417686,75.55325337257767,06_SPOT_AR1,525.02,0
17855.215525,0.0560560950492146,-1.2500788036149475,-3.43054393953241,792.368414028451,1119.0461001710646,0.9999699935327776,1.000041615435587,-0.0001277460067768,0.0003358626722196,78.86204888679868,06_SPOT_AR1,525.02,0
17856.6702,0.0518444080127294,-1.3505469619465056,-3.455960940410922,784.7796733786322,1222.795829867085,0.999969538214522,1.0000278514965997,-0.0002021712689827,0.0004067157497097,80.89209726724182,06_SPOT_AR1,525.02,0
17858.12645,0.0579890045290544,-1.2651702485961027,-3.42135000661861,793.3730514197323,1124.1210012593094,0.9999704420500668,1.0000287317848149,-0.0001192832216206,0.0002903929435749,73.85709210188907,06_SPOT_AR1,525.02,0
17859.580954166668,0.0519369012572201,-1.3540255968364288,-3.418107019060528,785.3517762383661,1199.0972190597245,0.9999684186852188,1.0000445561075262,-0.0002068687825859,0.000396930532087,78.2066711359118,06_SPOT_AR1,525.02,0
17861.040533333333,0.0452015952542293,-1.5421821594120642,-3.4416419272453527,780.1423254359142,1368.605102593959,0.999969307703508,1.000057972693277,-0.0003336665112664,0.0005492837363556,79.33831107760597,06_SPOT_AR1,525.02,0
17862.409058333335,0.0562922882720901,-1.1701782528481015,-3.455134092881151,795.503036558075,1058.724512695214,0.9999673493125312,1.0000298448335592,-0.0001225742283847,0.000326491450433,76.26304565902694,06_SPOT_AR1,525.02,0
17863.86137083333,0.0478387680655319,-1.3324065818281,-3.4570480122485336,781.1573285805416,1197.3143688968362,0.9999569167957492,1.000026852740356,-0.0002678757463437,0.0004791369735807,82.05115309374989,06_SPOT_AR1,525.02,0
17865.323229166665,0.0498856658593349,-1.4259503732855534,-3.4606572445863737,780.7680189447324,1278.470671531179,0.9999619332554855,1.0000237363954398,-0.0002492042475063,0.0004525635919926,80.0537537780847,06_SPOT_AR1,525.02,0
17866.780266666665,0.0496908781862038,-1.4079373337402712,-3.479132098501544,783.6599166837842,1284.77995570934,0.9999742122359472,1.0000275068412188,-0.0002319937849255,0.0004415980399056,76.21786813342084,06_SPOT_AR1,525.02,0
17868.23643333333,0.0560117742981431,-1.253100795198995,-3.448728065921569,792.0725921008464,1129.646631474627,0.999968514220458,1.0000785363766425,-0.0001376741603304,0.0003189154002939,80.03765507063126,06_SPOT_AR1,525.02,0
17869.698725000002,0.0485817023375479,-1.2554217575262594,-3.47569511830425,784.6386703105433,1139.892324644411,0.9999676351551874,1.0000285722951203,-0.000262775396147,0.0004764775387656,76.4732154885876,06_SPOT_AR1,525.02,0
17871.067949999997,0.0522157696726882,-1.27660034804792,-3.4739955038760404,785.9595284934566,1156.452700917902,0.9999671627635832,1.0000333179468086,-0.0001969214964966,0.0004115410628387,82.37255078454722,06_SPOT_AR1,525.02,0
17872.604574999998,0.0557751460683949,-1.241289933004166,-3.449425020445928,792.1657348008603,1139.4235849323964,0.9999679674118516,1.0000304821070662,-0.000128450896665,0.0003189454981971,84.13647174455387,06_SPOT_AR1,525.02,0
17874.064945833332,0.0591047937111065,-1.2690521123261058,-3.478373397256836,795.2991515434433,1154.0814623348656,0.9999708718394076,1.0000326558932109,-9.445711366428907e-05,0.0002646523833716,76.89372712742122,06_SPOT_AR1,525.02,0
17875.5219,0.0547989766098897,-1.378437188466243,-3.4878027962407128,788.5247226831483,1251.0714467837242,0.9999761662414528,1.0000205700178044,-0.000162913077729,0.0003237028736452,75.06341346890498,06_SPOT_AR1,525.02,0
17876.886133333333,0.0626700102271065,-1.146215965463385,-3.448626195952066,800.9394555828817,1055.9483683916535,0.999968781182924,1.0000221069969453,-1.5484110846783114e-05,0.0001919933425691,81.365327019607,06_SPOT_AR1,525.02,0
17878.252995833333,0.0627822104889379,-1.2472031251506177,-3.440173952401017,801.2171765555271,1135.0150392774212,0.9999704464470406,1.0000321724608416,-2.1651384416502604e-05,0.0002037953299615,80.46252485588576,06_SPOT_AR1,525.02,0
17879.617316666667,0.0584476677857689,-0.9808940699884372,-3.390055472244306,795.8355681131458,1057.2766005301885,0.9999836221062992,1.0000423171548842,-0.0001111163840475,0.0002970450775648,79.37371056231348,06_SPOT_AR1,525.02,0
17881.079612499998,0.0592519647824909,-1.233335147172446,-3.4746835505050155,796.3689621456771,1128.1539792713338,0.9999768682066548,1.0000341554528551,-8.887250228032761e-05,0.0002695044753245,79.52883626554913,06_SPOT_AR1,525.02,0
17882.539541666665,0.0588004832914311,-1.2028920169810806,-3.472846726517952,795.717976336055,1094.8544956494277,0.9999678920943248,1.0000820457855046,-9.981333540461264e-05,0.0002767881995897,81.31221048359848,06_SPOT_AR1,525.02,0
17883.906316666667,0.0626639362388,-1.1949712870767497,-3.471532514598892,800.9533882959965,1106.6411351232448,0.999973871757653,1.0000380754667229,-1.7297589839391218e-05,0.0002152293966381,80.68076410899715,06_SPOT_AR1,525.02,0
17885.27965416667,0.0526511470346604,-1.4776222116602875,-3.482328812968689,780.6465272114242,1330.0032332086546,0.9999697656242136,1.000072168400972,-0.0002062856548626,0.0004073497702697,75.77491784329236,06_SPOT_AR1,525.02,0
17886.736345833335,0.0625160142764971,-1.3010938812238642,-3.465852247109866,800.9210668871095,1191.2325006439098,0.999974450525434,1.0000755674533628,-2.853450346000013e-05,0.0002257436486867,78.77828595792066,06_SPOT_AR1,525.02,0
17888.186116666668,0.0619046800707161,-1.179859833038056,-3.4835248238482945,799.5089103536726,1087.4940247253708,0.9999687434013323,1.0000759401936044,-2.9425163858617213e-05,0.0002136909798696,73.82076843144335,06_SPOT_AR1,525.02,0
17889.642458333336,0.0623528621304425,-1.2334531484714923,-3.4790763168991283,800.4262467298944,1128.2150831655586,0.999974057883217,1.0000380437885723,-2.4780581801719096e-05,0.0002086094343902,78.71887987211029,06_SPOT_AR1,525.02,0
17891.09555833333,0.0558006120052501,-1.2806076899399754,-3.4881759649414605,790.232694948517,1176.5442384907724,0.9999738948749766,1.0000273904903243,-0.0001314332583156,0.0003272868262099,77.9045168066119,06_SPOT_AR1,525.02,0
17892.5519875,0.0577042768607505,-1.3137845085354745,-3.495401235217385,793.842551321844,1195.996512020152,0.9999726670104572,1.000028579091029,-0.000106200155898,0.000298589897679,81.10457384953607,06_SPOT_AR1,525.02,0
17894.0057,0.0516746653066711,-1.4374552157436182,-3.5101792556607188,783.5496730564608,1331.5063465421172,0.9999700518888616,1.000024571470657,-0.00020500393966,0.000402849762252,77.5838578290508,06_SPOT_AR1,525.02,0
17895.454250000003,0.0451579895142847,-1.4148615599522216,-3.5154190005409864,779.619636363086,1310.5544426664487,0.9999644564817096,1.00002480811105,-0.0003205086407916,0.0005124762248371,82.93326442080654,06_SPOT_AR1,525.02,0
17896.82303333333,0.041885832383205,-1.4003978029312238,-3.534862605620672,770.4124153443253,1285.3553955862717,0.9999688896156438,1.000027321931928,-0.0004049212767298,0.0005955699834924,79.28012265115326,06_SPOT_AR1,525.02,0
17898.186220833333,0.0414974509102233,-1.473225703103917,-3.548652730755023,770.3889361088355,1345.5279566441372,0.9999722093480856,1.0000082317090466,-0.000403750079089,0.0006028152609989,77.92328591049034,06_SPOT_AR1,525.02,0
17899.638883333333,0.0390554946589302,-1.4591962654678292,-3.518906300903496,768.4728103262959,1339.668484783985,0.999967144025826,1.0000497337630971,-0.0004150315726305,0.0006140142157785,75.91115472167061,06_SPOT_AR1,525.02,0
17901.004958333335,0.0506753295815154,-1.4135752566649684,-3.520243857526632,785.8895704445255,1304.5741533784726,0.9999669523988204,1.0000293179476984,-0.0002184932286442,0.0004274454623023,79.43346717066883,06_SPOT_AR1,525.02,0
17902.458670833334,0.0533663055125384,-1.344443618332693,-3.525699864225444,788.9427518026522,1234.1126749228035,0.9999651308732476,1.000030206517629,-0.0001927541051864,0.000386428018772,76.89393307148164,06_SPOT_AR1,525.02,0
17903.82518333333,0.0568550125149697,-1.3002183797884148,-3.4816271172117763,793.3482915456271,1196.767277074134,0.9999722538141564,1.0000816917628956,-0.0001207793105048,0.0003135750196542,84.86043654672767,06_SPOT_AR1,525.02,0
17905.19625,0.0501692622757222,-1.3514468579997638,-3.514453842929947,786.7508375737044,1255.562588804181,0.999977674029331,1.000035504728226,-0.0002125155973034,0.0004408375057013,81.93980812653189,06_SPOT_AR1,525.02,0
17906.560658333332,0.0502805377010851,-1.475745291262237,-3.489877938329359,780.8427876717222,1385.8076577738043,0.9999638228349252,1.0000831009743845,-0.0002234209814015,0.0004276877145529,84.28782522015136,06_SPOT_AR1,525.02,0
17907.92419166667,0.0503336033974604,-1.5239366384599635,-3.4453724073127048,827.7640190896151,1394.959492373591,0.999972565924018,1.000081689897205,-0.0002347415277633,0.0004196143800387,78.71723943472337,06_SPOT_AR1,525.02,0
17909.289829166664,0.0626902897711757,-1.306635950444089,-3.493889098422319,800.3307939150537,1183.526810162797,0.9999714868742308,1.0000855389468193,-2.9487686456244164e-05,0.0002056367436095,86.7089338233812,06_SPOT_AR1,525.02,0
17910.652575,0.0506707321679306,-1.3704524987000657,-3.496093280233481,783.8127373138868,1250.504853354559,0.999982176076746,1.0000894795688446,-0.0002299434196678,0.0004305838158447,82.05598403717973,06_SPOT_AR1,525.02,0
17912.021099999998,0.064696235715129,-1.3104382033546669,-3.4899455163938384,805.4557113534493,1212.062797935219,0.9999859558037556,1.0000829147215542,4.470263970216874e-06,0.000175988192831,81.70583836864046,06_SPOT_AR1,525.02,0
17913.468249999998,0.0636021504283525,-1.4342260661763406,-3.483433893234168,805.6830058351943,1320.6846142620434,0.9999641956738698,1.0000733016068075,-8.145759655426072e-06,0.0001755391443647,84.35479840745803,06_SPOT_AR1,525.02,0
17914.83213333333,0.0637704648835045,-1.4255307447735774,-3.476128605159911,805.0177233409865,1317.475936965619,0.9999681488263048,1.0000801780452817,-1.8408370952714462e-05,0.0001866168582694,83.07931055436784,06_SPOT_AR1,525.02,0
17916.278754166666,0.0677464693427512,-1.2171551558858102,-3.508759054562171,808.3527643816925,1134.1216548061918,0.9999715808025798,1.0000367262885463,9.867743622912698e-05,0.0001219682498025,82.46957742332,06_SPOT_AR1,525.02,0
17917.726075000002,0.0618090766740833,-1.113770075864139,-3.516232127690971,799.0526895276446,1032.6072508420848,0.9999937937528984,1.0000889845632657,-3.1715764393457816e-05,0.0002559050235037,82.16822229587366,06_SPOT_AR1,525.02,0
17919.0925,0.0509215808888522,-1.483438433064047,-3.511388745734569,779.5564931536104,1386.1287722461575,0.999961975681166,1.0000816253773028,-0.0002232160885192,0.0004349058853134,82.03273279475142,06_SPOT_AR1,525.02,0
17920.545866666664,0.050240891455305,-1.5310719955535086,-3.473161480242697,822.2275337669992,1395.3563470014362,0.999967715842484,1.000081934564389,-0.0002433445053177,0.0004490748027896,81.4825315852594,06_SPOT_AR1,525.02,0
17921.9980875,0.0593327611271896,-1.181126307301668,-3.531546878300735,794.8567712965316,1071.2044896798536,0.9999805719665636,1.0000839232184584,-9.79036820726986e-05,0.000273656789171,79.41880323961844,06_SPOT_AR1,525.02,0
17923.45154166667,0.0619471898518975,-1.3115867970879902,-3.4984313701987086,801.5414733003854,1222.0708080557556,0.999965363327308,1.0000827874179117,-2.2833805671821463e-05,0.0001977197325737,81.52778207162606,06_SPOT_AR1,525.02,0
17924.815075,0.0669692965926735,-1.4418349008660876,-3.491243715003152,811.8578481810306,1307.1844210788988,0.9999663379220254,1.0000597678017251,4.88224492057471e-05,0.0001445727107456,82.7625485270002,06_SPOT_AR1,525.02,0
17926.270625,0.0625135715390459,-1.1942784714304069,-3.510907445012048,801.5166841746093,1115.1790247704175,0.9999731146003144,1.000043367745364,-1.9173641639219656e-05,0.0002145140917586,80.56936147984835,06_SPOT_AR1,525.02,0
17927.63889166667,0.0656765416027005,-1.1616084936673936,-3.5533879924087217,801.80284523324,1069.737984964625,0.9999709026835484,1.0000302361621627,1.8853764716882968e-05,0.0001569097638324,82.45970193929949,06_SPOT_AR1,525.02,0
17929.089099999997,0.0588262940039308,-1.258655210953349,-3.5301883090923747,796.3536088685071,1170.0203492418916,0.9999666564825296,1.0000269467244225,-9.457158618397946e-05,0.0002757016324012,76.40641047671689,06_SPOT_AR1,525.02,0
17930.456400000003,0.062167794843686,-1.1769472958012022,-3.536783718975144,800.4639882211451,1171.262846266226,0.9999697477880132,1.00003478405686,-2.573077752463892e-05,0.0002244918199007,82.83179827715294,06_SPOT_AR1,525.02,0
17931.90915,0.058945271703315,-1.2408488577348833,-3.532497512879329,795.5217904972379,1122.6855579319235,0.9999728119906992,1.0000814965046316,-9.996244399276623e-05,0.0002803830372632,77.42534077650906,06_SPOT_AR1,525.02,0
17933.2726,0.0571483399854113,-1.189878285787786,-3.536390947698644,795.2109884233375,1117.8647001447262,0.9999646162401634,1.0000321506163676,-0.0001069117980786,0.0002935757066575,83.55114864232468,06_SPOT_AR1,525.02,0
17934.64138333333,0.0625862189079598,-1.1810281522025066,-3.545696514263684,800.4552419564343,1101.0799792983787,0.9999665705425868,1.0000412809343122,-1.06890695693036e-05,0.0002065548749937,84.43660238846616,06_SPOT_AR1,525.02,0
17936.0079,0.06089575110645,-1.3023601373257998,-3.5573277962851537,801.2109519327834,1225.7710802086822,0.9999676588709414,1.0000250540197215,-2.765317557711209e-05,0.0002330345710607,79.76463472911931,06_SPOT_AR1,525.02,0
17937.46205,0.0576952977415494,-1.3136254480060217,-3.5150749852181185,791.8840528522323,1257.2326864473346,0.999970595159862,1.000076736934321,-0.0001182913172467,0.0003076973186175,84.73997476370145,06_SPOT_AR1,525.02,0
17938.824095833334,0.0620254449593054,-1.3100625994881836,-3.5359804670945927,798.8003478032152,1225.5849494660092,0.999974365910877,1.0000769602029556,-3.622608415635092e-05,0.000215523628714,82.49044816059282,06_SPOT_AR1,525.02,0
17940.187633333335,0.0653221123612348,-1.191848687268353,-3.536013684267104,802.3913815992514,1140.2341752915563,0.9999664544793057,1.0000757642047455,1.49299058813543e-05,0.0001527014459878,79.80794093244108,06_SPOT_AR1,525.02,0
17941.550375,0.0714537058739262,-1.1646932138708934,-3.5048827622355905,810.7613101886732,1108.5113611691231,0.9999698352588748,1.0000882757845622,0.0001552756450737,3.582068893070883e-05,87.15883502457358,06_SPOT_AR1,525.02,0
17942.998483333333,0.0630047181050069,-1.3741381172689973,-3.5426772405134948,803.3404887529392,1284.4062327508163,0.9999651521733312,1.00002771978541,-2.170387011940754e-05,0.0001897536253414,83.4380892831201,06_SPOT_AR1,525.02,0
17944.360445833332,0.0515649459358645,-1.3660263643976491,-3.55599535916628,786.7747261754934,1297.6929087743893,0.9999649577001436,1.000029948057114,-0.0001951258516031,0.000391069111937,80.67863309777219,06_SPOT_AR1,525.02,0
17945.723016666667,0.0557746264030892,-1.312312413253684,-3.554962061221856,793.4830515469232,1265.4241666769935,0.9999661538593336,1.0000328578454507,-0.000121887447552,0.0003042584279549,79.06904677853613,06_SPOT_AR1,525.02,0
17947.173316666667,0.0622334725821403,-1.2891737074293192,-3.5309418039922584,799.6590276517443,1213.1092668580982,0.999969948313578,1.0000836604851828,-2.819770895174217e-05,0.0002110267250006,81.92625906038909,06_SPOT_AR1,525.02,0
17948.627383333333,0.0564670650136074,-1.5324794286918606,-3.536762400567141,796.833499823408,1351.6710038460335,0.9999663841115872,1.0000300487185017,-0.0001034933111268,0.0002959928144687,87.36085218761438,06_SPOT_AR1,525.02,0
17950.085033333333,0.0519115278344604,-1.4825668389018816,-3.4349675443838845,862.9472458452789,1399.646630329548,0.9999624834900176,1.0000744272691149,-0.0002138957050083,0.0003980212114026,81.21827788626014,06_SPOT_AR1,525.02,0
17951.531216666666,0.0552791024889266,-1.4477696029139644,-3.497240158489647,788.6804242630486,1354.127945921556,0.9999604371924764,1.0000836835460596,-0.0001456658571174,0.0003377597207283,87.78414230099246,06_SPOT_AR1,525.02,0
17952.982566666666,0.0639066383945498,-1.455881321504876,-3.534622480160278,803.5968294022016,1385.8669556188877,0.9999701116907797,1.0000701598675978,-1.3011021750850644e-05,0.0001810201808561,82.51544697130214,06_SPOT_AR1,525.02,0
17954.343999999997,0.0627602880852979,-1.4817726819656512,-3.532473805499787,812.854089511607,1391.997496689413,0.9999606853938005,1.000048153090222,-1.7768445209920887e-05,0.0002024700877442,85.92586270358132,06_SPOT_AR1,525.02,0
17955.706570833336,0.0557467534214495,-1.4240047261681013,-3.56678832149732,794.500853566304,1367.6460926072782,0.999964512224223,1.0000229548886512,-0.0001235808832755,0.0003378538818263,83.35506310529394,06_SPOT_AR1,525.02,0
17957.072383333332,0.0443422843099724,-1.496215096342823,-3.398302001330911,896.6675648378547,1399.9999418992795,0.9999690631307728,1.0000202358154069,-0.0003488001865668,0.0005356290048017,84.09197915100101,06_SPOT_AR1,525.02,0
17958.43337916667,0.0506131328354785,-1.5181602451052831,-3.441206415899245,858.9860846597659,1399.422454163234,0.9999629755754236,1.0000810800651936,-0.0002447193094842,0.0004077451684426,93.22848303897229,06_SPOT_AR1,525.02,0
15196.097916666668,-0.0291437182814013,-1.3055065971497235,-0.7506686790485739,664.7208435742841,937.4725437434964,1.0054844048099572,1.0005420419108226,0.0053531851417145,0.0072889325304284,15607.961705409323,comm1,517.0,0
15196.097916666668,0.2669932995529157,-1.173503510253262,-1.6125071721362647,1284.7160742455585,839.2434607457529,1.0086434715766284,1.0045184276065051,0.0056405357985123,-0.0042458150431693,21447.4849969884,comm1,517.0,0
15197.462329166668,0.0927613623845388,-0.7310012670701432,-3.696607645174199,796.5284893872454,727.0831130048476,0.99996208711682,0.9999932711575312,0.00051957556606,-0.0003507713561172,221.1068170899232,comm1,517.0,0
15197.462329166668,0.0998234831842779,-0.7376934689290273,-3.6957801829701378,796.9218763383088,739.3946570793106,0.99995738500263,0.999974778835192,0.0006164321436045,-0.0004810739239771,147.4799713799737,comm1,517.0,0
15198.824375,0.0700140372373023,-1.0623264540363213,-3.7029980757076415,803.9919738622463,1015.337408592398,0.9999524700243808,0.9999839387869256,8.287223657095186e-05,3.827044866193566e-05,152.14172252872416,comm1,517.0,0
15198.824375,0.0677890761451846,-1.048946115412062,-3.705876564063452,802.5204873280788,1008.6502445905008,0.9999487088130568,0.9999786055651768,5.625566126744406e-05,9.44530947360572e-05,154.21188201785208,comm1,517.0,0
15200.187208333333,0.0679735395955308,-1.0260404025278291,-3.721265702108656,804.3822839552762,975.0562643914834,0.9999510024754006,0.9999824443280276,7.526437324687177e-05,0.0001111307762817,188.12566328144808,comm1,517.0,0
15200.187208333333,0.0706477689424544,-1.0177723546909192,-3.7299008785952537,802.9609173200924,969.5501897250672,0.9999449807580948,0.999967937251709,0.0001047320482434,4.254805717485299e-05,151.1541264860983,comm1,517.0,0
15201.549866666664,0.0769866971995785,-0.8901773236167891,-3.71070142907359,803.8923511622288,868.8410846923799,0.9999558901639974,0.9999634893558974,0.0002273825882244,-3.847945155006539e-05,186.64703283885672,comm1,517.0,0
15201.549866666664,0.0883008527330196,-0.8899969492045764,-3.708116678915324,804.7486852380947,871.1545281869196,0.9999538316027816,0.999982676352308,0.0004194236809874,-0.0002483146428419,145.56829439393107,comm1,517.0,0
15202.914804166669,0.0538069185003459,-1.4850347703918856,-3.640058594054207,871.592076044272,1399.9999409300815,0.99995489782046,0.9999800065303508,-0.0001940188125963,0.0003083407634056,161.55562205199493,comm1,517.0,0
15202.914804166669,0.0579606836663627,-1.488115339374497,-3.649718841257053,867.665273145584,1399.999943368275,0.99994556067094,0.9999682998181664,-0.0001205225993799,0.0002614090889505,147.3779856127009,comm1,517.0,0
15204.277291666664,0.0821846965470154,-1.0900458081360804,-3.694650762189182,818.7973396604142,1051.5322773407852,0.999970375177844,0.9999575763699632,0.0003562917633873,-0.000174448580294,251.171882507547,comm1,517.0,0
15204.277291666664,0.088986966132817,-1.1015124347734504,-3.689520120327204,822.1945013192997,1068.5837784391765,0.999950689210926,0.9999721187297324,0.0004664707689705,-0.0002980990461594,142.7193787974917,comm1,517.0,0
15205.640124999998,0.0755697059484368,-0.9852481749411292,-3.698636347253079,808.2147588920525,928.9941352834668,0.9999705304520302,0.999986656060614,0.0002110778933874,-2.4048599224909683e-05,304.32665983778026,comm1,517.0,0
15205.640124999998,0.0794590900513788,-0.962817639039754,-3.6993960537262063,806.783828505331,913.8326386744463,0.9999577947655872,0.9999695759835644,0.0002690189520513,-0.0001039700906726,144.62583152388447,comm1,517.0,0
15207.003570833334,0.0837279064719877,-0.7585219840721181,-3.695956939674408,795.4182604493898,718.4363291052524,0.9999658326652012,0.9999729710986364,0.0003672970792469,-0.0001845226110052,146.02517055377947,comm1,517.0,0
15207.003570833334,0.0799545113282483,-0.7580436299239794,-3.69493008572234,797.0945809041807,720.0630397152061,0.9999661171668316,0.9999715268355548,0.000299075727902,-0.0001252590214657,147.80967077057056,comm1,517.0,0
15208.364829166669,0.0651286497198025,-1.3569056075444597,-3.6866979313968895,819.4379616822666,1294.670809672014,0.999933434033487,0.9999743885404152,3.656361048702865e-05,0.000120200861148,211.33613067119853,comm1,517.0,0
15208.364829166669,0.0746948319688461,-1.3097466988554811,-3.670755280993027,831.8569253278649,1260.399010528474,0.9998916217053182,0.9999705047284188,0.0002213549396995,-3.174047122421801e-05,149.00843063280348,comm1,517.0,0
15209.729066666669,0.1170270647947404,-1.0860480073548648,-3.615159992702112,852.3149771854681,1033.389661295928,0.9999421953430664,1.0000118150026052,0.0008821466549833,-0.0007409592784912,142.44894032392227,comm1,517.0,0
15209.729066666669,0.1154470880271,-1.121815151342522,-3.6149629314614073,855.1154444475463,1060.4076569589738,0.9999413818211484,1.0000121880012105,0.0008426982686755,-0.0007513250176303,140.40085555003847,comm1,517.0,0
15211.095316666668,0.0918715828408345,-0.7950793020785911,-3.69601999317978,799.2157723607133,767.3018011565151,0.9999513028329208,0.999955222470716,0.0004932025703648,-0.0003043010968417,182.65875361441832,comm1,517.0,0
15211.095316666668,0.0956495647093872,-0.7992109367512513,-3.695623810910995,799.2879601295549,775.2938654783197,0.9999481372200366,0.9999769162716996,0.0005553376871894,-0.0003777269754643,145.5959447969692,comm1,517.0,0
15212.457449999998,0.0678792382671703,-1.0749464112429807,-3.6719995400755807,807.6133700841344,1023.576042948509,0.9999462920995732,1.0000063205617706,8.747453827682994e-05,5.342426559237233e-05,242.5859103714591,comm1,517.0,0
15212.457449999998,0.0708549922113069,-1.0614512034204375,-3.679605395591811,809.6785051961949,1020.840657764682,0.999903973390434,0.9999819459307364,0.0001533957332904,9.182115509817709e-06,144.96183457966706,comm1,517.0,0
15213.822208333331,0.0749150120256513,-0.9176510050543638,-3.667978146541458,804.4422054744485,875.2286147380889,0.999952915044262,1.000011770029383,0.0002100566623062,-5.56790618387668e-05,202.84136175583623,comm1,517.0,0
15213.822208333331,0.0789335081432125,-0.903141726745082,-3.6727055862093176,803.9715197882159,866.0342070106304,0.9999472850078804,0.9999913686407458,0.0002866891918794,-0.0001104013368058,149.72540434225243,comm1,517.0,0
15215.19205,0.0875822120770023,-0.7265131712209446,-3.6675431842428914,797.2603879512297,714.2188138146116,0.9999634788979036,0.9999689759645014,0.0004122756676749,-0.0002390501181514,200.0695774110304,comm1,517.0,0
15215.19205,0.0993338222915812,-0.7383029457786909,-3.666934352377184,797.3780601836245,728.7984016646972,0.9999544029466904,0.9999468110703644,0.0006287238610434,-0.0004510935011425,149.88075169298452,comm1,517.0,0
15216.555233333334,0.0662942445939134,-0.8648064335297913,-3.670356867475205,802.3894371236901,836.6831800908336,0.9999580975354978,0.9999720966170874,7.371042364756094e-05,0.0001173903397047,217.38207423684665,comm1,517.0,0
15216.555233333334,0.07010145846981,-0.8732774019510298,-3.677116564841469,800.2751357675065,848.4607661198207,0.9999491676897646,0.9999565661061088,0.0001143075344023,2.9383195131102164e-05,149.60580875620377,comm1,517.0,0
15217.919291666663,0.0795948321777689,-0.6919171188123293,-3.672239472167186,796.3656993898503,673.6874748804953,0.9999618981505466,1.0000085847354436,0.0003094298719959,-0.0001114581013927,177.2256000576539,comm1,517.0,0
15217.919291666663,0.0829323514252612,-0.7195167708069148,-3.670280351018775,795.8485112295041,704.864923707705,0.9999569244659444,0.9999887393341964,0.000352224578053,-0.0001679753144002,146.75321156317136,comm1,517.0,0
15196.788879166666,0.0339197193830363,-1.0015241249736118,-3.4323267765315544,786.8869227331297,949.6162112302148,0.9999718492295746,1.0000292160822415,-0.00051569117399,0.0007027101212906,123.84400902342492,comm1,525.02,0
15198.150925,0.0305579823293957,-1.4891880842626586,-3.3147924815755863,871.5169879889022,1389.5298600518809,0.9999761828423284,1.000018171283955,-0.0005820329444922,0.0007527679974768,118.21085540249793,comm1,525.02,0
15199.513320833334,0.0330593573931716,-0.4916265847457894,-3.415653381703392,819.8124794868438,494.0406696083211,0.9999776935372032,1.0000276448377812,-0.0005291699788686,0.0007032711769565,130.1359295772371,comm1,525.02,0
15200.876241666663,0.0335635514447269,-0.8603434005021924,-3.4188068846294635,798.6941746230359,811.3769749159333,0.9999737221056084,1.00002982160958,-0.0005338483460619,0.0006857844822289,121.13032119781424,comm1,525.02,0
15200.876241666663,0.0344134436954076,-0.8475879489240312,-3.4245208950070043,794.3318631423756,808.1027655474205,0.9999717727350936,1.0000328310662918,-0.0005291450459507,0.0006780083097681,159.02388067590974,comm1,525.02,0
15202.237941666666,0.0289191093343936,-1.5008454037667789,-3.3468031693802707,851.4134683163162,1399.4143411862271,0.9999461909492612,1.0000306686316691,-0.0006451843036152,0.0007986596373755,269.5934515962356,comm1,525.02,0
15203.602966666667,0.03760170437292,-0.9316960217267128,-3.4201818644664925,790.3620885379512,890.8283496200488,0.99996836946979,1.000046286566774,-0.0004982061769198,0.0006496970826831,326.17634568323587,comm1,525.02,0
15204.9664125,0.0434222102750165,-0.5254423250137741,-3.422413066802971,808.2092791433836,540.0402198830776,0.9999501899702748,1.0000434226577422,-0.0004046286088196,0.0005338584852722,334.5745850192462,comm1,525.02,0
15206.330383333336,0.0440172541587932,-0.8151446863641457,-3.436751410892072,798.8974312436964,778.1824630074152,0.9999743642598782,1.0000420080794945,-0.000361116653033,0.0005461875239747,162.52201655842862,comm1,525.02,0
15207.691904166666,0.0247648261737002,-1.520437993455069,-3.346768461011265,832.1595040144744,1384.42060741696,0.9999657454063424,1.0000800936933136,-0.0007710865612644,0.0008619029421574,183.5124639328692,comm1,525.02,0
15209.054825,0.0392490654379156,-1.1343620512216732,-3.4406609492616123,775.735607324964,1069.2193219519806,0.9999639551941856,1.0000423122115152,-0.0004689982612792,0.0006092620630151,175.01120325616083,comm1,525.02,0
15210.41985,0.0325471887864018,-0.9879710561838492,-3.4085821615347207,785.2338060446199,946.3131992524584,0.9999369434191256,1.0000429058207574,-0.0005403707870152,0.0006925571375419,214.9335322423158,comm1,525.02,0
15211.784433333334,0.0305849524230696,-1.0174572815795375,-3.4272366896175743,782.4706228963106,980.1788343360296,0.9999451757426152,1.0000351855282528,-0.0005986581639459,0.0007492866467106,210.7507555124324,comm1,525.02,0
15213.145866666668,0.0368235911059607,-0.816029414264051,-3.409791618840913,797.901424529641,778.2734009876069,0.9999715099162086,1.0000443575853144,-0.0004962779587192,0.000649924338146,175.6809370382499,comm1,525.02,0
15214.514833333336,0.0414667244889643,-0.4886054019927515,-3.407075486160876,816.2239215206666,488.81722067975534,0.9999597880233024,1.0000288423505512,-0.00039044449935,0.0005404153767894,140.52822667480825,comm1,525.02,0
15214.514833333336,0.0368928341665378,-0.4433102828128945,-3.397879176358289,824.2960253294716,439.6184543958069,0.9999910148869264,1.0000263791206363,-0.0004666473750802,0.0006243304130977,120.11717628953332,comm1,525.02,0
15215.882658333334,0.0403259869383314,-0.3182734131135304,-3.4065270018196423,820.355385291343,348.1750448291168,0.9999726732011102,1.000023481202381,-0.0004307076991224,0.0005824106181099,138.2553525989888,comm1,525.02,0
15217.244529166666,0.0353032302206697,-0.1899200113382163,-3.3583065565223382,850.654511271339,237.69933391088827,0.9999683014231604,1.0000378496901898,-0.0005506035790454,0.00069542214107,254.70492260071023,comm1,525.02,0
